adpt-0.1 	 1 	 0.2000 	 0.1000 	 0.1000
adpt-0.1 	 2 	 0.5000 	 0.1000 	 0.4000
adpt-0.1 	 3 	 0.7895 	 0.3895 	 0.4000
adpt-0.1 	 4 	 0.9000 	 0.2000 	 0.7000
adpt-0.1 	 5 	 0.6000 	 0.3000 	 0.3000
adpt-0.1 	 6 	 1.0000 	 0.2000 	 0.8000
adpt-0.1 	 7 	 0.6000 	 0.0000 	 0.6000
adpt-0.1 	 8 	 1.9474 	 0.2000 	 1.7474
adpt-0.1 	 9 	 1.8368 	 0.2895 	 1.5474
adpt-0.1 	 10 	 1.2895 	 0.1000 	 1.1895
adpt-0.1 	 11 	 2.0579 	 0.6895 	 1.3684
adpt-0.1 	 12 	 2.4684 	 0.4000 	 2.0684
adpt-0.1 	 13 	 2.6158 	 0.3000 	 2.3158
adpt-0.1 	 14 	 3.6158 	 0.5895 	 3.0263
adpt-0.1 	 15 	 4.0000 	 0.4000 	 3.6000
adpt-0.1 	 16 	 2.8947 	 1.1579 	 1.7368
adpt-0.1 	 17 	 4.2632 	 0.7895 	 3.4737
adpt-0.1 	 18 	 5.1053 	 0.7789 	 4.3263
adpt-0.1 	 19 	 3.6632 	 0.7684 	 2.8947
adpt-0.1 	 20 	 4.5053 	 0.8474 	 3.6579
adpt-0.1 	 21 	 5.3947 	 0.7789 	 4.6158
adpt-0.1 	 22 	 4.6421 	 0.5000 	 4.1421
adpt-0.1 	 23 	 4.7684 	 0.6947 	 4.0737
adpt-0.1 	 24 	 5.3947 	 1.1842 	 4.2105
adpt-0.1 	 25 	 5.1526 	 1.3579 	 3.7947
adpt-0.1 	 26 	 5.0895 	 1.1263 	 3.9632
adpt-0.1 	 27 	 6.0947 	 1.0263 	 5.0684
adpt-0.1 	 28 	 6.0368 	 1.4684 	 4.5684
adpt-0.1 	 29 	 5.9053 	 1.3947 	 4.5105
adpt-0.1 	 30 	 6.9263 	 1.9000 	 5.0263
adpt-0.1 	 31 	 8.1263 	 2.3211 	 5.8053
adpt-0.1 	 32 	 8.8526 	 2.5368 	 6.3158
adpt-0.1 	 33 	 6.9842 	 2.4632 	 4.5211
adpt-0.1 	 34 	 8.2421 	 2.2263 	 6.0158
adpt-0.1 	 35 	 9.6421 	 1.8316 	 7.8105
adpt-0.1 	 36 	 8.1789 	 2.4474 	 5.7316
adpt-0.1 	 37 	 9.6947 	 2.0368 	 7.6579
adpt-0.1 	 38 	 7.4368 	 1.6632 	 5.7737
adpt-0.1 	 39 	 7.9368 	 2.0895 	 5.8474
adpt-0.1 	 40 	 8.9526 	 2.2368 	 6.7158
adpt-0.1 	 41 	 8.2842 	 1.8053 	 6.4789
adpt-0.1 	 42 	 8.9947 	 2.2947 	 6.7000
adpt-0.1 	 43 	 8.2737 	 1.6263 	 6.6474
adpt-0.1 	 44 	 10.4105 	 2.4105 	 8.0000
adpt-0.1 	 45 	 8.2895 	 2.2579 	 6.0316
adpt-0.1 	 46 	 10.6842 	 2.4842 	 8.2000
adpt-0.1 	 47 	 9.8368 	 1.9263 	 7.9105
adpt-0.1 	 48 	 9.3632 	 1.8421 	 7.5211
adpt-0.1 	 49 	 11.4000 	 2.6632 	 8.7368
adpt-0.1 	 50 	 9.9684 	 3.0105 	 6.9579
adpt-0.1 	 51 	 8.9737 	 1.5947 	 7.3789
adpt-0.1 	 52 	 10.1368 	 2.3211 	 7.8158
adpt-0.1 	 53 	 11.2632 	 2.5368 	 8.7263
adpt-0.1 	 54 	 9.4053 	 1.5737 	 7.8316
adpt-0.1 	 55 	 12.4053 	 2.0105 	 10.3947
adpt-0.1 	 56 	 11.9211 	 2.1632 	 9.7579
adpt-0.1 	 57 	 11.8842 	 2.1579 	 9.7263
adpt-0.1 	 58 	 10.8684 	 1.7842 	 9.0842
adpt-0.1 	 59 	 13.5526 	 2.4474 	 11.1053
adpt-0.1 	 60 	 9.3895 	 1.7474 	 7.6421
adpt-0.1 	 61 	 10.3421 	 1.5895 	 8.7526
adpt-0.1 	 62 	 11.6789 	 2.1263 	 9.5526
adpt-0.1 	 63 	 11.7684 	 2.4368 	 9.3316
adpt-0.1 	 64 	 11.7053 	 2.3316 	 9.3737
adpt-0.1 	 65 	 12.8263 	 2.4211 	 10.4053
adpt-0.1 	 66 	 13.6474 	 2.7105 	 10.9368
adpt-0.1 	 67 	 10.3105 	 2.0579 	 8.2526
adpt-0.1 	 68 	 10.2526 	 2.3842 	 7.8684
adpt-0.1 	 69 	 11.0000 	 2.3526 	 8.6474
adpt-0.1 	 70 	 10.9526 	 2.9526 	 8.0000
adpt-0.1 	 71 	 10.5421 	 2.2316 	 8.3105
adpt-0.1 	 72 	 10.2526 	 2.6053 	 7.6474
adpt-0.1 	 73 	 9.5632 	 2.2789 	 7.2842
adpt-0.1 	 74 	 9.5474 	 2.5684 	 6.9789
adpt-0.1 	 75 	 9.9263 	 2.6895 	 7.2368
adpt-0.1 	 76 	 11.7211 	 2.6737 	 9.0474
adpt-0.1 	 77 	 10.7842 	 2.3421 	 8.4421
adpt-0.1 	 78 	 9.9158 	 2.7421 	 7.1737
adpt-0.1 	 79 	 9.9684 	 2.7263 	 7.2421
adpt-0.1 	 80 	 11.1158 	 3.1316 	 7.9842
adpt-0.1 	 81 	 12.1947 	 3.4421 	 8.7526
adpt-0.1 	 82 	 11.1000 	 3.0263 	 8.0737
adpt-0.1 	 83 	 12.5421 	 3.1421 	 9.4000
adpt-0.1 	 84 	 11.2158 	 2.7368 	 8.4789
adpt-0.1 	 85 	 12.8684 	 2.8316 	 10.0368
adpt-0.1 	 86 	 14.3105 	 3.6842 	 10.6263
adpt-0.1 	 87 	 12.3474 	 3.2105 	 9.1368
adpt-0.1 	 88 	 12.8316 	 3.6579 	 9.1737
adpt-0.1 	 89 	 13.8316 	 3.9895 	 9.8421
adpt-0.1 	 90 	 13.4737 	 4.0474 	 9.4263
adpt-0.1 	 91 	 12.4316 	 3.5316 	 8.9000
adpt-0.1 	 92 	 9.1789 	 2.2737 	 6.9053
adpt-0.1 	 93 	 12.7158 	 2.8000 	 9.9158
adpt-0.1 	 94 	 12.9368 	 3.5684 	 9.3684
adpt-0.1 	 95 	 14.3000 	 3.7579 	 10.5421
adpt-0.1 	 96 	 13.3895 	 3.0947 	 10.2947
adpt-0.1 	 97 	 13.6158 	 3.8211 	 9.7947
adpt-0.1 	 98 	 11.6053 	 2.4526 	 9.1526
adpt-0.1 	 99 	 12.4211 	 2.6684 	 9.7526
adpt-0.1 	 100 	 14.0737 	 3.6684 	 10.4053
adpt-0.1 	 101 	 16.3316 	 4.0158 	 12.3158
adpt-0.1 	 102 	 16.5947 	 4.0368 	 12.5579
adpt-0.1 	 103 	 16.7947 	 4.5000 	 12.2947
adpt-0.1 	 104 	 16.4211 	 3.5895 	 12.8316
adpt-0.1 	 105 	 14.3737 	 3.7474 	 10.6263
adpt-0.1 	 106 	 15.8579 	 4.2632 	 11.5947
adpt-0.1 	 107 	 14.2211 	 4.0316 	 10.1895
adpt-0.1 	 108 	 15.3947 	 4.0474 	 11.3474
adpt-0.1 	 109 	 14.8105 	 3.7526 	 11.0579
adpt-0.1 	 110 	 13.4789 	 3.7684 	 9.7105
adpt-0.1 	 111 	 17.1316 	 4.3947 	 12.7368
adpt-0.1 	 112 	 16.2211 	 4.7579 	 11.4632
adpt-0.1 	 113 	 17.3579 	 4.4842 	 12.8737
adpt-0.1 	 114 	 16.2316 	 5.4000 	 10.8316
adpt-0.1 	 115 	 17.6053 	 5.0211 	 12.5842
adpt-0.1 	 116 	 15.0947 	 5.0421 	 10.0526
adpt-0.1 	 117 	 16.8368 	 4.8737 	 11.9632
adpt-0.1 	 118 	 16.5632 	 5.3842 	 11.1789
adpt-0.1 	 119 	 17.0737 	 5.0737 	 12.0000
adpt-0.1 	 120 	 16.6053 	 5.6526 	 10.9526
adpt-0.1 	 121 	 15.6947 	 5.6316 	 10.0632
adpt-0.1 	 122 	 16.5158 	 5.0053 	 11.5105
adpt-0.1 	 123 	 15.9474 	 5.1421 	 10.8053
adpt-0.1 	 124 	 15.0105 	 5.2053 	 9.8053
adpt-0.1 	 125 	 16.6211 	 5.2368 	 11.3842
adpt-0.1 	 126 	 18.5316 	 5.6158 	 12.9158
adpt-0.1 	 127 	 15.6000 	 4.4211 	 11.1789
adpt-0.1 	 128 	 17.2421 	 4.6947 	 12.5474
adpt-0.1 	 129 	 17.5263 	 5.0842 	 12.4421
adpt-0.1 	 130 	 15.5474 	 3.9158 	 11.6316
adpt-0.1 	 131 	 16.6316 	 5.3158 	 11.3158
adpt-0.1 	 132 	 18.0211 	 4.5263 	 13.4947
adpt-0.1 	 133 	 18.0684 	 4.6737 	 13.3947
adpt-0.1 	 134 	 17.5421 	 4.6053 	 12.9368
adpt-0.1 	 135 	 17.4105 	 4.7316 	 12.6789
adpt-0.1 	 136 	 19.6474 	 5.6158 	 14.0316
adpt-0.1 	 137 	 18.1368 	 4.0632 	 14.0737
adpt-0.1 	 138 	 17.6421 	 4.9789 	 12.6632
adpt-0.1 	 139 	 18.8895 	 5.1053 	 13.7842
adpt-0.1 	 140 	 17.5526 	 4.0737 	 13.4789
adpt-0.1 	 141 	 18.1316 	 4.4632 	 13.6684
adpt-0.1 	 142 	 19.0632 	 4.4579 	 14.6053
adpt-0.1 	 143 	 20.0000 	 5.2474 	 14.7526
adpt-0.1 	 144 	 20.1053 	 4.6105 	 15.4947
adpt-0.1 	 145 	 20.0368 	 5.3526 	 14.6842
adpt-0.1 	 146 	 19.3368 	 4.4579 	 14.8789
adpt-0.1 	 147 	 19.8421 	 5.2421 	 14.6000
adpt-0.1 	 148 	 20.5053 	 4.9526 	 15.5526
adpt-0.1 	 149 	 19.4526 	 4.6053 	 14.8474
adpt-0.1 	 150 	 20.4632 	 5.3368 	 15.1263
adpt-0.1 	 151 	 17.2316 	 3.0684 	 14.1632
adpt-0.1 	 152 	 19.0158 	 4.3842 	 14.6316
adpt-0.1 	 153 	 17.7684 	 3.8211 	 13.9474
adpt-0.1 	 154 	 20.9632 	 5.9421 	 15.0211
adpt-0.1 	 155 	 20.7737 	 4.7737 	 16.0000
adpt-0.1 	 156 	 20.4158 	 5.1737 	 15.2421
adpt-0.1 	 157 	 21.2158 	 5.0000 	 16.2158
adpt-0.1 	 158 	 22.6526 	 5.6368 	 17.0158
adpt-0.1 	 159 	 20.8474 	 4.7158 	 16.1316
adpt-0.1 	 160 	 18.5737 	 5.1632 	 13.4105
adpt-0.1 	 161 	 19.4684 	 4.7105 	 14.7579
adpt-0.1 	 162 	 21.1316 	 4.7158 	 16.4158
adpt-0.1 	 163 	 21.9474 	 5.3579 	 16.5895
adpt-0.1 	 164 	 25.0526 	 6.2526 	 18.8000
adpt-0.1 	 165 	 24.1421 	 6.9789 	 17.1632
adpt-0.1 	 166 	 23.9579 	 6.5000 	 17.4579
adpt-0.1 	 167 	 20.5842 	 4.8211 	 15.7632
adpt-0.1 	 168 	 20.6842 	 6.0105 	 14.6737
adpt-0.1 	 169 	 23.7947 	 6.4105 	 17.3842
adpt-0.1 	 170 	 19.7789 	 5.4263 	 14.3526
adpt-0.1 	 171 	 21.0316 	 5.3158 	 15.7158
adpt-0.1 	 172 	 21.7105 	 6.7105 	 15.0000
adpt-0.1 	 173 	 20.1895 	 6.2053 	 13.9842
adpt-0.1 	 174 	 21.8684 	 6.0789 	 15.7895
adpt-0.1 	 175 	 21.5842 	 5.7105 	 15.8737
adpt-0.1 	 176 	 23.7947 	 6.5684 	 17.2263
adpt-0.1 	 177 	 24.4158 	 6.1895 	 18.2263
adpt-0.1 	 178 	 22.3263 	 6.1316 	 16.1947
adpt-0.1 	 179 	 22.1421 	 6.2211 	 15.9211
adpt-0.1 	 180 	 23.4632 	 6.8158 	 16.6474
adpt-0.1 	 181 	 22.8368 	 6.1368 	 16.7000
adpt-0.1 	 182 	 25.3053 	 7.3421 	 17.9632
adpt-0.1 	 183 	 24.1684 	 6.4211 	 17.7474
adpt-0.1 	 184 	 24.3316 	 6.1737 	 18.1579
adpt-0.1 	 185 	 26.0842 	 6.8526 	 19.2316
adpt-0.1 	 186 	 26.7684 	 8.4368 	 18.3316
adpt-0.1 	 187 	 25.7158 	 7.3474 	 18.3684
adpt-0.1 	 188 	 26.9947 	 7.8368 	 19.1579
adpt-0.1 	 189 	 26.9211 	 7.9053 	 19.0158
adpt-0.1 	 190 	 26.9105 	 7.0737 	 19.8368
adpt-0.1 	 191 	 26.9105 	 7.7474 	 19.1632
adpt-0.1 	 192 	 25.3526 	 7.3053 	 18.0474
adpt-0.1 	 193 	 21.8474 	 6.0474 	 15.8000
adpt-0.1 	 194 	 26.9579 	 7.4579 	 19.5000
adpt-0.1 	 195 	 26.5053 	 7.7368 	 18.7684
adpt-0.1 	 196 	 26.0158 	 6.6947 	 19.3211
adpt-0.1 	 197 	 19.1421 	 6.4526 	 12.6895
adpt-0.1 	 198 	 25.1368 	 7.8316 	 17.3053
adpt-0.1 	 199 	 26.7789 	 7.4632 	 19.3158
adpt-0.1 	 200 	 22.3526 	 6.5842 	 15.7684
adpt-0.1 	 201 	 23.2737 	 6.3421 	 16.9316
adpt-0.1 	 202 	 18.6579 	 5.7158 	 12.9421
adpt-0.1 	 203 	 19.8684 	 5.7316 	 14.1368
adpt-0.1 	 204 	 23.8316 	 7.4789 	 16.3526
adpt-0.1 	 205 	 21.6000 	 7.0263 	 14.5737
adpt-0.1 	 206 	 17.3368 	 5.6158 	 11.7211
adpt-0.1 	 207 	 23.3579 	 6.9105 	 16.4474
adpt-0.1 	 208 	 22.8105 	 6.8684 	 15.9421
adpt-0.1 	 209 	 24.2526 	 6.7842 	 17.4684
adpt-0.1 	 210 	 17.9526 	 5.3526 	 12.6000
adpt-0.1 	 211 	 18.8895 	 5.1895 	 13.7000
adpt-0.1 	 212 	 12.6789 	 4.0053 	 8.6737
adpt-0.1 	 213 	 18.2632 	 5.5158 	 12.7474
adpt-0.1 	 214 	 15.8526 	 4.8684 	 10.9842
adpt-0.1 	 215 	 14.0947 	 4.3947 	 9.7000
adpt-0.1 	 216 	 10.0632 	 3.2737 	 6.7895
adpt-0.1 	 217 	 10.9000 	 3.5895 	 7.3105
adpt-0.1 	 218 	 11.2158 	 3.6105 	 7.6053
adpt-0.1 	 219 	 12.2579 	 3.9105 	 8.3474
adpt-0.1 	 220 	 8.9053 	 2.6105 	 6.2947
adpt-0.1 	 221 	 10.2579 	 3.5000 	 6.7579
adpt-0.1 	 222 	 11.6158 	 3.4368 	 8.1789
adpt-0.1 	 223 	 10.8947 	 3.3474 	 7.5474
adpt-0.1 	 224 	 10.8842 	 3.4053 	 7.4789
adpt-0.1 	 225 	 9.8000 	 3.3316 	 6.4684
adpt-0.1 	 226 	 9.7632 	 2.8421 	 6.9211
adpt-0.1 	 227 	 10.2947 	 3.2368 	 7.0579
adpt-0.1 	 228 	 12.1684 	 3.7053 	 8.4632
adpt-0.1 	 229 	 9.9526 	 3.7263 	 6.2263
adpt-0.1 	 230 	 9.4053 	 2.8947 	 6.5105
adpt-0.1 	 231 	 8.1789 	 2.6105 	 5.5684
adpt-0.1 	 232 	 10.5158 	 3.5789 	 6.9368
adpt-0.1 	 233 	 9.9789 	 2.9053 	 7.0737
adpt-0.1 	 234 	 13.5474 	 3.9421 	 9.6053
adpt-0.1 	 235 	 12.2789 	 3.8263 	 8.4526
adpt-0.1 	 236 	 12.1000 	 4.2421 	 7.8579
adpt-0.1 	 237 	 13.0579 	 4.2895 	 8.7684
adpt-0.1 	 238 	 13.4632 	 4.3842 	 9.0789
adpt-0.1 	 239 	 13.3211 	 4.4053 	 8.9158
adpt-0.1 	 240 	 14.6684 	 4.4632 	 10.2053
adpt-0.1 	 241 	 9.6737 	 3.0263 	 6.6474
adpt-0.1 	 242 	 13.7947 	 4.1211 	 9.6737
adpt-0.1 	 243 	 13.2684 	 4.8053 	 8.4632
adpt-0.1 	 244 	 14.1842 	 4.1842 	 10.0000
adpt-0.1 	 245 	 12.2737 	 3.6421 	 8.6316
adpt-0.1 	 246 	 15.5632 	 5.1789 	 10.3842
adpt-0.1 	 247 	 13.9579 	 4.4211 	 9.5368
adpt-0.1 	 248 	 12.7263 	 3.6789 	 9.0474
adpt-0.1 	 249 	 10.2368 	 2.5737 	 7.6632
adpt-0.1 	 250 	 15.1474 	 4.9632 	 10.1842
adpt-0.1 	 251 	 15.9632 	 5.7895 	 10.1737
adpt-0.1 	 252 	 13.8737 	 3.4421 	 10.4316
adpt-0.1 	 253 	 16.5895 	 6.5105 	 10.0789
adpt-0.1 	 254 	 13.8579 	 5.0263 	 8.8316
adpt-0.1 	 255 	 16.2211 	 4.6211 	 11.6000
adpt-0.1 	 256 	 14.8368 	 4.1737 	 10.6632
adpt-0.1 	 257 	 14.6421 	 3.7842 	 10.8579
adpt-0.1 	 258 	 15.4526 	 4.0105 	 11.4421
adpt-0.1 	 259 	 16.5368 	 4.7842 	 11.7526
adpt-0.1 	 260 	 16.9526 	 4.2842 	 12.6684
adpt-0.1 	 261 	 16.2947 	 4.2684 	 12.0263
adpt-0.1 	 262 	 18.5368 	 5.5000 	 13.0368
adpt-0.1 	 263 	 18.4158 	 5.3737 	 13.0421
adpt-0.1 	 264 	 17.3368 	 5.1895 	 12.1474
adpt-0.1 	 265 	 18.0316 	 6.0684 	 11.9632
adpt-0.1 	 266 	 16.6895 	 5.0263 	 11.6632
adpt-0.1 	 267 	 17.9368 	 4.9263 	 13.0105
adpt-0.1 	 268 	 18.9368 	 5.9000 	 13.0368
adpt-0.1 	 269 	 19.0316 	 5.9526 	 13.0789
adpt-0.1 	 270 	 18.7000 	 5.7947 	 12.9053
adpt-0.1 	 271 	 20.0316 	 5.6737 	 14.3579
adpt-0.1 	 272 	 19.6895 	 5.6368 	 14.0526
adpt-0.1 	 273 	 20.6684 	 6.6842 	 13.9842
adpt-0.1 	 274 	 21.7105 	 7.2211 	 14.4895
adpt-0.1 	 275 	 21.4737 	 6.1895 	 15.2842
adpt-0.1 	 276 	 20.2158 	 5.8947 	 14.3211
adpt-0.1 	 277 	 22.3211 	 7.4263 	 14.8947
adpt-0.1 	 278 	 22.9632 	 6.9263 	 16.0368
adpt-0.1 	 279 	 22.7789 	 6.9211 	 15.8579
adpt-0.1 	 280 	 22.0000 	 5.8263 	 16.1737
adpt-0.1 	 281 	 22.0105 	 6.6737 	 15.3368
adpt-0.1 	 282 	 19.5158 	 4.9632 	 14.5526
adpt-0.1 	 283 	 22.3211 	 6.3842 	 15.9368
adpt-0.1 	 284 	 21.9053 	 5.8263 	 16.0789
adpt-0.1 	 285 	 21.5474 	 6.1105 	 15.4368
adpt-0.1 	 286 	 20.8158 	 5.8105 	 15.0053
adpt-0.1 	 287 	 22.1684 	 5.7737 	 16.3947
adpt-0.1 	 288 	 23.1789 	 6.6632 	 16.5158
adpt-0.1 	 289 	 22.4368 	 5.6947 	 16.7421
adpt-0.1 	 290 	 22.4316 	 6.5105 	 15.9211
adpt-0.1 	 291 	 22.6895 	 6.5737 	 16.1158
adpt-0.1 	 292 	 20.6053 	 5.4421 	 15.1632
adpt-0.1 	 293 	 21.9053 	 5.9158 	 15.9895
adpt-0.1 	 294 	 21.9632 	 6.2526 	 15.7105
adpt-0.1 	 295 	 23.9842 	 7.3842 	 16.6000
adpt-0.1 	 296 	 24.9789 	 7.2789 	 17.7000
adpt-0.1 	 297 	 24.1000 	 8.1474 	 15.9526
adpt-0.1 	 298 	 24.2789 	 6.8737 	 17.4053
adpt-0.1 	 299 	 24.9895 	 7.2789 	 17.7105
adpt-0.1 	 300 	 23.8211 	 7.4158 	 16.4053
adpt-0.1 	 301 	 24.5105 	 6.8421 	 17.6684
adpt-0.1 	 302 	 23.2316 	 6.5789 	 16.6526
adpt-0.1 	 303 	 23.9579 	 6.6632 	 17.2947
adpt-0.1 	 304 	 22.9526 	 5.6947 	 17.2579
adpt-0.1 	 305 	 24.1579 	 7.5526 	 16.6053
adpt-0.1 	 306 	 24.3158 	 6.6737 	 17.6421
adpt-0.1 	 307 	 24.4947 	 6.6684 	 17.8263
adpt-0.1 	 308 	 23.9053 	 7.4000 	 16.5053
adpt-0.1 	 309 	 23.1632 	 6.0053 	 17.1579
adpt-0.1 	 310 	 25.9316 	 7.6632 	 18.2684
adpt-0.1 	 311 	 25.5421 	 7.3316 	 18.2105
adpt-0.1 	 312 	 25.6737 	 7.7947 	 17.8789
adpt-0.1 	 313 	 24.1526 	 7.7053 	 16.4474
adpt-0.1 	 314 	 24.4421 	 7.4737 	 16.9684
adpt-0.1 	 315 	 21.6632 	 6.7211 	 14.9421
adpt-0.1 	 316 	 26.0368 	 7.2684 	 18.7684
adpt-0.1 	 317 	 27.2789 	 7.9105 	 19.3684
adpt-0.1 	 318 	 26.9000 	 7.6737 	 19.2263
adpt-0.1 	 319 	 25.2632 	 7.8526 	 17.4105
adpt-0.1 	 320 	 27.6737 	 7.5737 	 20.1000
adpt-0.1 	 321 	 27.4684 	 8.2158 	 19.2526
adpt-0.1 	 322 	 22.6053 	 6.9000 	 15.7053
adpt-0.1 	 323 	 24.1000 	 6.9895 	 17.1105
adpt-0.1 	 324 	 26.4632 	 8.1579 	 18.3053
adpt-0.1 	 325 	 25.3684 	 7.9737 	 17.3947
adpt-0.1 	 326 	 27.6421 	 8.2263 	 19.4158
adpt-0.1 	 327 	 25.8368 	 7.9789 	 17.8579
adpt-0.1 	 328 	 28.1053 	 8.9684 	 19.1368
adpt-0.1 	 329 	 28.1421 	 8.2842 	 19.8579
adpt-0.1 	 330 	 29.9421 	 8.7316 	 21.2105
adpt-0.1 	 331 	 28.8211 	 8.2947 	 20.5263
adpt-0.1 	 332 	 29.1474 	 8.1474 	 21.0000
adpt-0.1 	 333 	 28.2368 	 7.8895 	 20.3474
adpt-0.1 	 334 	 27.0684 	 7.3211 	 19.7474
adpt-0.1 	 335 	 29.6842 	 8.1737 	 21.5105
adpt-0.1 	 336 	 29.9737 	 8.2158 	 21.7579
adpt-0.1 	 337 	 29.9158 	 9.0895 	 20.8263
adpt-0.1 	 338 	 29.7474 	 8.7474 	 21.0000
adpt-0.1 	 339 	 29.3895 	 8.6842 	 20.7053
adpt-0.1 	 340 	 30.1158 	 8.8421 	 21.2737
adpt-0.1 	 341 	 30.0211 	 8.9842 	 21.0368
adpt-0.1 	 342 	 29.8158 	 8.9526 	 20.8632
adpt-0.1 	 343 	 28.9684 	 8.5947 	 20.3737
adpt-0.1 	 344 	 29.2158 	 9.4158 	 19.8000
adpt-0.1 	 345 	 31.5579 	 9.3632 	 22.1947
adpt-0.1 	 346 	 30.7526 	 9.7158 	 21.0368
adpt-0.1 	 347 	 31.4421 	 9.8158 	 21.6263
adpt-0.1 	 348 	 27.5789 	 9.4579 	 18.1211
adpt-0.1 	 349 	 31.1789 	 9.9684 	 21.2105
adpt-0.1 	 350 	 30.5211 	 9.7053 	 20.8158
adpt-0.1 	 351 	 27.9579 	 8.6421 	 19.3158
adpt-0.1 	 352 	 28.5105 	 8.5000 	 20.0105
adpt-0.1 	 353 	 32.0474 	 9.6947 	 22.3526
adpt-0.1 	 354 	 33.4684 	 10.4842 	 22.9842
adpt-0.1 	 355 	 32.9842 	 10.0474 	 22.9368
adpt-0.1 	 356 	 32.8211 	 10.4158 	 22.4053
adpt-0.1 	 357 	 34.8158 	 10.8000 	 24.0158
adpt-0.1 	 358 	 32.8000 	 10.9263 	 21.8737
adpt-0.1 	 359 	 31.2842 	 9.0684 	 22.2158
adpt-0.1 	 360 	 32.2158 	 10.3737 	 21.8421
adpt-0.1 	 361 	 33.4632 	 10.9947 	 22.4684
adpt-0.1 	 362 	 32.9053 	 10.5842 	 22.3211
adpt-0.1 	 363 	 34.1263 	 11.3737 	 22.7526
adpt-0.1 	 364 	 29.7895 	 9.0000 	 20.7895
adpt-0.1 	 365 	 33.8579 	 11.1947 	 22.6632
adpt-0.1 	 366 	 28.3526 	 9.5474 	 18.8053
adpt-0.1 	 367 	 31.8789 	 11.0316 	 20.8474
adpt-0.1 	 368 	 33.1737 	 12.0737 	 21.1000
adpt-0.1 	 369 	 28.0737 	 9.2211 	 18.8526
adpt-0.1 	 370 	 33.4842 	 12.8632 	 20.6211
adpt-0.1 	 371 	 33.5053 	 12.0211 	 21.4842
adpt-0.1 	 372 	 32.3474 	 11.4263 	 20.9211
adpt-0.1 	 373 	 28.9579 	 10.5053 	 18.4526
adpt-0.1 	 374 	 33.2053 	 12.2684 	 20.9368
adpt-0.1 	 375 	 28.8158 	 10.8684 	 17.9474
adpt-0.1 	 376 	 33.7947 	 12.2421 	 21.5526
adpt-0.1 	 377 	 30.4158 	 10.9000 	 19.5158
adpt-0.1 	 378 	 34.3474 	 13.1526 	 21.1947
adpt-0.1 	 379 	 33.6579 	 11.9474 	 21.7105
adpt-0.1 	 380 	 30.5579 	 10.9158 	 19.6421
adpt-0.1 	 381 	 36.9053 	 13.4316 	 23.4737
adpt-0.1 	 382 	 32.3053 	 12.2316 	 20.0737
adpt-0.1 	 383 	 35.6474 	 12.7053 	 22.9421
adpt-0.1 	 384 	 24.4474 	 8.9211 	 15.5263
adpt-0.1 	 385 	 34.8684 	 12.4632 	 22.4053
adpt-0.1 	 386 	 30.3737 	 10.2789 	 20.0947
adpt-0.1 	 387 	 29.0895 	 10.2632 	 18.8263
adpt-0.1 	 388 	 24.3737 	 8.5000 	 15.8737
adpt-0.1 	 389 	 29.6000 	 10.6526 	 18.9474
adpt-0.1 	 390 	 31.7526 	 11.6105 	 20.1421
adpt-0.1 	 391 	 33.0632 	 11.6368 	 21.4263
adpt-0.1 	 392 	 34.4421 	 12.1789 	 22.2632
adpt-0.1 	 393 	 21.5263 	 7.8789 	 13.6474
adpt-0.1 	 394 	 30.6474 	 10.1158 	 20.5316
adpt-0.1 	 395 	 31.7263 	 11.3211 	 20.4053
adpt-0.1 	 396 	 33.6368 	 11.6158 	 22.0211
adpt-0.1 	 397 	 19.0158 	 6.1684 	 12.8474
adpt-0.1 	 398 	 32.5263 	 12.1842 	 20.3421
adpt-0.1 	 399 	 31.2158 	 9.9263 	 21.2895
adpt-0.1 	 400 	 29.3368 	 10.4105 	 18.9263
adpt-0.1 	 401 	 29.8053 	 10.1316 	 19.6737
adpt-0.1 	 402 	 29.8263 	 10.4684 	 19.3579
adpt-0.1 	 403 	 24.4526 	 8.6737 	 15.7789
adpt-0.1 	 404 	 23.3789 	 8.3579 	 15.0211
adpt-0.1 	 405 	 20.6211 	 7.4105 	 13.2105
adpt-0.1 	 406 	 37.8211 	 13.3632 	 24.4579
adpt-0.1 	 407 	 23.2421 	 8.4579 	 14.7842
adpt-0.1 	 408 	 31.3000 	 10.2105 	 21.0895
adpt-0.1 	 409 	 37.8421 	 12.4789 	 25.3632
adpt-0.1 	 410 	 35.7053 	 12.2316 	 23.4737
adpt-0.1 	 411 	 35.1421 	 12.9368 	 22.2053
adpt-0.1 	 412 	 32.9158 	 12.4526 	 20.4632
adpt-0.1 	 413 	 31.4158 	 10.6053 	 20.8105
adpt-0.1 	 414 	 33.6684 	 11.9474 	 21.7211
adpt-0.1 	 415 	 31.6579 	 11.2368 	 20.4211
adpt-0.1 	 416 	 34.1158 	 11.0421 	 23.0737
adpt-0.1 	 417 	 37.5316 	 13.2316 	 24.3000
adpt-0.1 	 418 	 33.6895 	 11.8526 	 21.8368
adpt-0.1 	 419 	 39.1947 	 13.8000 	 25.3947
adpt-0.1 	 420 	 36.4789 	 11.8684 	 24.6105
adpt-0.1 	 421 	 36.8842 	 12.6895 	 24.1947
adpt-0.1 	 422 	 35.6421 	 12.2316 	 23.4105
adpt-0.1 	 423 	 39.2211 	 13.3053 	 25.9158
adpt-0.1 	 424 	 38.7684 	 13.7105 	 25.0579
adpt-0.1 	 425 	 39.1263 	 13.7632 	 25.3632
adpt-0.1 	 426 	 38.8737 	 13.8684 	 25.0053
adpt-0.1 	 427 	 37.8316 	 13.0579 	 24.7737
adpt-0.1 	 428 	 38.8053 	 13.4053 	 25.4000
adpt-0.1 	 429 	 38.2053 	 12.9789 	 25.2263
adpt-0.1 	 430 	 38.4105 	 13.3789 	 25.0316
adpt-0.1 	 431 	 39.8526 	 14.5842 	 25.2684
adpt-0.1 	 432 	 43.7684 	 15.9526 	 27.8158
adpt-0.1 	 433 	 40.2316 	 14.8579 	 25.3737
adpt-0.1 	 434 	 39.2579 	 14.4684 	 24.7895
adpt-0.1 	 435 	 26.3895 	 9.4158 	 16.9737
adpt-0.1 	 436 	 40.4842 	 14.3737 	 26.1105
adpt-0.1 	 437 	 41.0053 	 14.2895 	 26.7158
adpt-0.1 	 438 	 37.7474 	 13.7211 	 24.0263
adpt-0.1 	 439 	 37.1526 	 13.1211 	 24.0316
adpt-0.1 	 440 	 39.4842 	 14.0000 	 25.4842
adpt-0.1 	 441 	 40.1579 	 14.3000 	 25.8579
adpt-0.1 	 442 	 43.2421 	 15.8000 	 27.4421
adpt-0.1 	 443 	 40.5000 	 13.9684 	 26.5316
adpt-0.1 	 444 	 41.9053 	 14.7789 	 27.1263
adpt-0.1 	 445 	 42.2526 	 14.9526 	 27.3000
adpt-0.1 	 446 	 38.8632 	 14.1105 	 24.7526
adpt-0.1 	 447 	 33.9947 	 11.7474 	 22.2474
adpt-0.1 	 448 	 46.4632 	 16.4211 	 30.0421
adpt-0.1 	 449 	 33.6368 	 12.2737 	 21.3632
adpt-0.1 	 450 	 39.4579 	 13.8474 	 25.6105
adpt-0.1 	 451 	 40.1842 	 14.2579 	 25.9263
adpt-0.1 	 452 	 45.1105 	 16.6211 	 28.4895
adpt-0.1 	 453 	 41.1579 	 14.4211 	 26.7368
adpt-0.1 	 454 	 43.5053 	 15.7158 	 27.7895
adpt-0.1 	 455 	 40.9211 	 14.0632 	 26.8579
adpt-0.1 	 456 	 35.5632 	 12.3368 	 23.2263
adpt-0.1 	 457 	 38.4474 	 13.4053 	 25.0421
adpt-0.1 	 458 	 42.3316 	 15.1632 	 27.1684
adpt-0.1 	 459 	 30.1842 	 11.0316 	 19.1526
adpt-0.1 	 460 	 28.9211 	 10.0000 	 18.9211
adpt-0.1 	 461 	 41.4263 	 14.2474 	 27.1789
adpt-0.1 	 462 	 28.2421 	 9.4053 	 18.8368
adpt-0.1 	 463 	 41.0316 	 14.1842 	 26.8474
adpt-0.1 	 464 	 42.8316 	 15.0000 	 27.8316
adpt-0.1 	 465 	 35.4737 	 12.7105 	 22.7632
adpt-0.1 	 466 	 41.3000 	 14.8421 	 26.4579
adpt-0.1 	 467 	 40.4789 	 13.9789 	 26.5000
adpt-0.1 	 468 	 23.3421 	 7.8421 	 15.5000
adpt-0.1 	 469 	 43.4368 	 15.4737 	 27.9632
adpt-0.1 	 470 	 40.7263 	 14.0000 	 26.7263
adpt-0.1 	 471 	 35.3368 	 12.0105 	 23.3263
adpt-0.1 	 472 	 34.6000 	 12.6211 	 21.9789
adpt-0.1 	 473 	 21.3947 	 7.7789 	 13.6158
adpt-0.1 	 474 	 26.6263 	 8.9474 	 17.6789
adpt-0.1 	 475 	 31.3053 	 10.3000 	 21.0053
adpt-0.1 	 476 	 19.4316 	 5.8737 	 13.5579
adpt-0.1 	 477 	 21.5684 	 6.9263 	 14.6421
adpt-0.1 	 478 	 35.0947 	 11.5947 	 23.5000
adpt-0.1 	 479 	 32.0053 	 11.1632 	 20.8421
adpt-0.1 	 480 	 35.6579 	 11.0053 	 24.6526
adpt-0.1 	 481 	 28.6053 	 9.4105 	 19.1947
adpt-0.1 	 482 	 31.5421 	 10.4842 	 21.0579
adpt-0.1 	 483 	 42.1895 	 13.3474 	 28.8421
adpt-0.1 	 484 	 28.2632 	 8.7000 	 19.5632
adpt-0.1 	 485 	 40.6316 	 13.0842 	 27.5474
adpt-0.1 	 486 	 32.8684 	 10.9421 	 21.9263
adpt-0.1 	 487 	 29.7316 	 9.9579 	 19.7737
adpt-0.1 	 488 	 43.9737 	 14.3316 	 29.6421
adpt-0.1 	 489 	 43.3316 	 14.1316 	 29.2000
adpt-0.1 	 490 	 43.4842 	 13.9842 	 29.5000
adpt-0.1 	 491 	 28.3526 	 9.4579 	 18.8947
adpt-0.1 	 492 	 33.8632 	 10.6105 	 23.2526
adpt-0.1 	 493 	 40.1000 	 13.0789 	 27.0211
adpt-0.1 	 494 	 45.3000 	 15.0263 	 30.2737
adpt-0.1 	 495 	 36.7158 	 11.5526 	 25.1632
adpt-0.1 	 496 	 36.5000 	 12.0526 	 24.4474
adpt-0.1 	 497 	 37.6526 	 12.7263 	 24.9263
adpt-0.1 	 498 	 38.8263 	 13.5316 	 25.2947
adpt-0.1 	 499 	 40.1684 	 13.3368 	 26.8316
adpt-0.1 	 500 	 39.3316 	 13.4789 	 25.8526
