Generation	Entropy	Type
1	1.4319847855797811	Total
1	0.7185897666046925	Synonymous
1	0.42699806185913236	Missense
2	1.145587828463825	Total
2	0.7185897666046925	Synonymous
2	0.42699806185913236	Missense
3	2.0047786998116934	Total
3	1.0752872760922367	Synonymous
3	0.9294914237194567	Missense
4	3.229166844106212	Total
4	1.614583422053106	Synonymous
4	1.614583422053106	Missense
5	3.436763485391474	Total
5	1.648081190324149	Synonymous
5	1.502285337951369	Missense
6	3.9057590789807555	Total
6	2.146776231541842	Synonymous
6	1.7589828474389133	Missense
7	4.776998336001174	Total
7	2.202532150021758	Synonymous
7	2.574466185979417	Missense
8	5.885539773980512	Total
8	2.2603981314683135	Synonymous
8	3.6251416425121983	Missense
9	5.130147223275274	Total
9	3.0272582552636824	Synonymous
9	2.102888968011591	Missense
10	7.578429887723533	Total
10	3.861561127719058	Synonymous
10	3.7168687600044747	Missense
11	8.00598819862978	Total
11	3.9693412689425944	Synonymous
11	3.750249972571228	Missense
12	7.525121200845555	Total
12	3.981254378981947	Synonymous
12	3.543866821863607	Missense
13	7.902189877987148	Total
13	4.438076669127325	Synonymous
13	3.4641132088598225	Missense
14	7.241357559678713	Total
14	4.042692257859353	Synonymous
14	3.1986653018193603	Missense
15	8.197053286109043	Total
15	4.310000529437269	Synonymous
15	3.887052756671773	Missense
16	7.603921516676248	Total
16	4.143146636099096	Synonymous
16	3.4607748805771523	Missense
17	10.470967609707111	Total
17	5.581668072179837	Synonymous
17	4.889299537527276	Missense
18	7.7447662278033675	Total
18	4.398042676304757	Synonymous
18	3.34672355149861	Missense
19	10.741161444334773	Total
19	5.430532197337658	Synonymous
19	5.310629246997114	Missense
20	10.114742200561711	Total
20	5.655928588870319	Synonymous
20	4.458813611691391	Missense
21	11.450269516309692	Total
21	6.0778557480930555	Synonymous
21	5.086016811100682	Missense
22	10.691118049460236	Total
22	6.032164005755029	Synonymous
22	4.658954043705206	Missense
23	9.564048314212624	Total
23	5.5369104671901335	Synonymous
23	4.027137847022488	Missense
24	9.920779136153335	Total
24	5.723915334129338	Synonymous
24	4.196863802023996	Missense
25	12.514480142066905	Total
25	6.36250238415418	Synonymous
25	6.151977757912728	Missense
26	11.118359717703312	Total
26	6.360347265005733	Synonymous
26	4.758012452697578	Missense
27	13.894970246091333	Total
27	7.6948251306813695	Synonymous
27	6.200145115409972	Missense
28	14.700406191671107	Total
28	8.068041504104084	Synonymous
28	6.632364687567033	Missense
29	12.056186689223022	Total
29	6.6515248527812485	Synonymous
29	5.404661836441774	Missense
30	15.912113974238748	Total
30	9.227823980019062	Synonymous
30	6.684289994219691	Missense
31	13.512255480329147	Total
31	7.622263398432407	Synonymous
31	5.889992081896742	Missense
32	11.0772259797569	Total
32	6.284944933224347	Synonymous
32	4.792281046532553	Missense
33	14.165231834326363	Total
33	8.374599610468785	Synonymous
33	5.790632223857578	Missense
34	14.710136743828189	Total
34	8.47000027629399	Synonymous
34	6.2401364675342	Missense
35	17.40832943342421	Total
35	10.043103076958484	Synonymous
35	7.365226356465725	Missense
36	12.144208018942326	Total
36	7.567588638150394	Synonymous
36	4.576619380791932	Missense
37	15.837188077663846	Total
37	9.47103639573108	Synonymous
37	6.366151681932768	Missense
38	16.337783004646855	Total
38	8.767224478063607	Synonymous
38	7.570558526583251	Missense
39	14.937696583975498	Total
39	8.757707210171791	Synonymous
39	6.179989373803708	Missense
40	15.658292792843193	Total
40	9.190295356318238	Synonymous
40	6.467997436524964	Missense
41	17.270626166249357	Total
41	9.6653070571435	Synonymous
41	7.605319109105855	Missense
42	13.522776588606204	Total
42	7.24847192185927	Synonymous
42	6.274304666746934	Missense
43	17.197092482316894	Total
43	9.393987088472828	Synonymous
43	7.803105393844064	Missense
44	15.246325974641016	Total
44	9.236115857981169	Synonymous
44	6.010210116659853	Missense
45	16.688089479483384	Total
45	9.293696382548417	Synonymous
45	7.394393096934969	Missense
46	16.815245049242073	Total
46	9.536804844670687	Synonymous
46	7.2784402045713925	Missense
47	17.17342995881713	Total
47	10.149812920856167	Synonymous
47	7.023617037960956	Missense
48	18.82142844923368	Total
48	10.52564612899673	Synonymous
48	8.295782320236944	Missense
49	18.972238283298214	Total
49	10.689207452174937	Synonymous
49	8.283030831123266	Missense
50	17.587171954706843	Total
50	9.408759446316017	Synonymous
50	7.892015551274862	Missense
51	17.064330954893542	Total
51	9.22010493303319	Synonymous
51	7.844226021860359	Missense
52	22.067340860779623	Total
52	12.00410277791688	Synonymous
52	10.06323808286272	Missense
53	21.463529930421284	Total
53	12.43800661809951	Synonymous
53	9.025523312321763	Missense
54	23.123263326280536	Total
54	13.18339937676242	Synonymous
54	9.93986394951808	Missense
55	21.130531702869366	Total
55	11.671491826563543	Synonymous
55	9.459039876305795	Missense
56	21.779619693537896	Total
56	12.825704307042782	Synonymous
56	8.953915386495094	Missense
57	25.295383413962742	Total
57	14.74613297443905	Synonymous
57	10.549250439523682	Missense
58	23.993493706566326	Total
58	13.544029606718901	Synonymous
58	10.449464099847413	Missense
59	21.699068629426257	Total
59	12.066373459311567	Synonymous
59	9.632695170114662	Missense
60	25.65818078151109	Total
60	14.417608548554488	Synonymous
60	11.240572232956579	Missense
61	23.815681971752973	Total
61	14.776476988442273	Synonymous
61	9.0392049833107	Missense
62	24.59202408470275	Total
62	14.957102789087024	Synonymous
62	9.634921295615712	Missense
63	28.64539155616753	Total
63	16.281032607842143	Synonymous
63	12.364358948325338	Missense
64	29.757739295541725	Total
64	16.557326149154186	Synonymous
64	13.20041314638753	Missense
65	25.751240367478804	Total
65	14.08761976161892	Synonymous
65	11.663620605859856	Missense
66	27.973695294179038	Total
66	16.18113677739552	Synonymous
66	11.506161559667538	Missense
67	31.9712879102204	Total
67	18.352373174142446	Synonymous
67	13.61891473607792	Missense
68	24.3765516829929	Total
68	14.282324612527288	Synonymous
68	10.094227070465605	Missense
69	29.44518581965811	Total
69	16.180240268655005	Synonymous
69	13.264945551003109	Missense
70	28.03498932949738	Total
70	16.222670580685325	Synonymous
70	11.812318748812062	Missense
71	29.7258929038302	Total
71	17.332240905201715	Synonymous
71	12.393651998628494	Missense
72	31.507152864797508	Total
72	18.133703790149514	Synonymous
72	13.373449074647977	Missense
73	33.27804104497512	Total
73	19.52777459961434	Synonymous
73	13.750266445360783	Missense
74	30.693224018166138	Total
74	17.196387594963273	Synonymous
74	13.496836423202845	Missense
75	32.01643198827104	Total
75	18.882644209615055	Synonymous
75	13.133787778655956	Missense
76	27.878519781784863	Total
76	15.71418260818489	Synonymous
76	12.164337173599936	Missense
77	30.774449847150247	Total
77	17.523302046202897	Synonymous
77	13.251147800947345	Missense
78	36.29473089356727	Total
78	20.651362003803918	Synonymous
78	15.356971932647413	Missense
79	31.0776641554183	Total
79	17.279845566844184	Synonymous
79	13.797818588574104	Missense
80	34.34638566081665	Total
80	19.66388648400064	Synonymous
80	14.682499176816066	Missense
81	34.57144199651703	Total
81	19.219866844156446	Synonymous
81	15.065178195244622	Missense
82	35.275845067675405	Total
82	21.250303712917923	Synonymous
82	14.025541354757536	Missense
83	33.46434233044689	Total
83	19.099582410339465	Synonymous
83	14.364759920107437	Missense
84	30.732785917027332	Total
84	17.888826306374984	Synonymous
84	12.843959610652313	Missense
85	30.400676663086436	Total
85	17.114980825042707	Synonymous
85	13.285695838043733	Missense
86	34.0565470599188	Total
86	19.4400804715979	Synonymous
86	14.61646658832087	Missense
87	27.11055873485508	Total
87	14.981187791963022	Synonymous
87	12.129370942892079	Missense
88	34.93026906059777	Total
88	19.833145245276235	Synonymous
88	15.097123815321542	Missense
89	36.07046026453713	Total
89	19.634072290851893	Synonymous
89	16.43638797368524	Missense
90	33.678313560292615	Total
90	19.43074423874994	Synonymous
90	14.24756932154266	Missense
91	36.76390369379427	Total
91	20.114636993474342	Synonymous
91	16.649266700319913	Missense
92	33.691242651747096	Total
92	18.638852476209426	Synonymous
92	15.052390175537655	Missense
93	35.032385981632046	Total
93	19.611838983941357	Synonymous
93	15.42054699769072	Missense
94	31.078554927300694	Total
94	17.056253167802904	Synonymous
94	14.02230175949775	Missense
95	25.403876605862525	Total
95	14.276009546477756	Synonymous
95	11.127867059384752	Missense
96	32.63726167184271	Total
96	18.291007962339297	Synonymous
96	14.34625370950339	Missense
97	34.62396354115275	Total
97	19.611689520036816	Synonymous
97	15.012274021115934	Missense
98	33.04058152975126	Total
98	18.472376295839172	Synonymous
98	14.56820523391206	Missense
99	32.593639190643145	Total
99	18.25681546711748	Synonymous
99	14.336823723525642	Missense
100	29.481571406320228	Total
100	16.09462190325347	Synonymous
100	13.100552545950809	Missense
101	29.468040152875894	Total
101	15.994494667595252	Synonymous
101	13.473545485280619	Missense
102	28.80258790652192	Total
102	15.655796015913365	Synonymous
102	13.146791890608531	Missense
103	35.59453333721539	Total
103	19.94185411145153	Synonymous
103	15.652679225763869	Missense
104	32.72415866830226	Total
104	17.76092808980134	Synonymous
104	14.676833621384933	Missense
105	33.40016567141112	Total
105	18.518667434770485	Synonymous
105	14.881498236640654	Missense
106	34.090540710924905	Total
106	18.459112065790528	Synonymous
106	15.63142864513438	Missense
107	34.833157987883475	Total
107	18.968606429355905	Synonymous
107	15.864551558527593	Missense
108	31.536620596455567	Total
108	17.511556873269576	Synonymous
108	14.025063723185982	Missense
109	35.779283351685216	Total
109	19.277764122425957	Synonymous
109	16.501519229259284	Missense
110	35.5055797909259	Total
110	19.643121777555923	Synonymous
110	15.862458013369974	Missense
111	37.124006116185534	Total
111	20.220666960885982	Synonymous
111	16.903339155299545	Missense
112	37.25182321076636	Total
112	20.55773552410696	Synonymous
112	16.694087686659454	Missense
113	35.996037838673175	Total
113	19.775906682276453	Synonymous
113	16.220131156396707	Missense
114	39.22412282035431	Total
114	21.512410580616528	Synonymous
114	17.71171223973784	Missense
115	41.04091653197018	Total
115	21.967349705661857	Synonymous
115	19.073566826308408	Missense
116	38.39234508407419	Total
116	20.85014607815856	Synonymous
116	17.542199005915688	Missense
117	36.741765865782945	Total
117	20.658126336854455	Synonymous
117	16.08363952892852	Missense
118	34.992897511205136	Total
118	18.23341465289191	Synonymous
118	16.759482858313213	Missense
119	40.37894719877608	Total
119	21.886488924178877	Synonymous
119	18.4924582745972	Missense
120	38.07650036141007	Total
120	20.515054719251577	Synonymous
120	17.561445642158517	Missense
121	37.77844649053655	Total
121	20.14756754790049	Synonymous
121	17.344481985520122	Missense
122	34.50397579748606	Total
122	19.40858031655438	Synonymous
122	15.095395480931662	Missense
123	36.37077925750249	Total
123	18.887786444686665	Synonymous
123	17.482992812815887	Missense
124	41.850932428016584	Total
124	22.86160659030417	Synonymous
124	18.989325837712485	Missense
125	37.43864602710427	Total
125	20.78132294915746	Synonymous
125	16.65732307794686	Missense
126	30.895456305926135	Total
126	16.112859304241756	Synonymous
126	14.782597001684348	Missense
127	41.131333399666225	Total
127	22.745660300475702	Synonymous
127	18.38567309919047	Missense
128	41.65634646408827	Total
128	23.30445633923398	Synonymous
128	18.351890124854343	Missense
129	36.78553039116871	Total
129	19.14315455907739	Synonymous
129	17.355978874975364	Missense
130	37.68578039083582	Total
130	20.78438651693561	Synonymous
130	16.901393873900247	Missense
131	41.56078723939735	Total
131	22.339728432243824	Synonymous
131	19.221058807153558	Missense
132	40.378871000770175	Total
132	21.45924897840071	Synonymous
132	18.919622022369406	Missense
133	37.08958804252763	Total
133	20.192048966511074	Synonymous
133	16.897539076016596	Missense
134	39.9240116919289	Total
134	21.41606124285723	Synonymous
134	18.507950449071704	Missense
135	41.05720338283698	Total
135	22.527998019200115	Synonymous
135	18.529205363636905	Missense
136	45.88842383835796	Total
136	25.0469479196986	Synonymous
136	20.841475918659366	Missense
137	41.70999162742033	Total
137	22.63653836072761	Synonymous
137	19.073453266692766	Missense
138	39.17821050526702	Total
138	21.23048488800358	Synonymous
138	17.947725617263487	Missense
139	35.87782535926976	Total
139	19.617132184048316	Synonymous
139	16.260693175221437	Missense
140	44.85367469476025	Total
140	24.688974256763366	Synonymous
140	20.16470043799688	Missense
141	41.23830981523992	Total
141	22.586725613129662	Synonymous
141	18.65158420211024	Missense
142	38.932449363040696	Total
142	21.48387143521281	Synonymous
142	17.448577927827913	Missense
143	35.729389861137726	Total
143	19.85671879163466	Synonymous
143	15.872671069503102	Missense
144	37.63038253955462	Total
144	20.958530039560824	Synonymous
144	16.671852499993776	Missense
145	41.8919763138125	Total
145	23.1067605092201	Synonymous
145	18.78521580459245	Missense
146	38.88540480150535	Total
146	21.70270281980931	Synonymous
146	17.182701981696045	Missense
147	37.68679174314003	Total
147	20.461992118623982	Synonymous
147	17.22479962451607	Missense
148	39.395416853873435	Total
148	21.796626527308916	Synonymous
148	17.59879032656453	Missense
149	42.38514276789234	Total
149	23.07708284002714	Synonymous
149	19.308059927865276	Missense
150	39.024853640825405	Total
150	20.946998653240538	Synonymous
150	18.077854987584836	Missense
151	35.55198806542132	Total
151	19.70254337503189	Synonymous
151	15.849444690389419	Missense
152	46.75110354006364	Total
152	25.233007313412227	Synonymous
152	21.518096226651398	Missense
153	44.50715527458574	Total
153	24.905713249465535	Synonymous
153	19.601442025120285	Missense
154	50.97320679600646	Total
154	28.4646016246022	Synonymous
154	22.508605171404344	Missense
155	46.66039281480844	Total
155	26.02505253854066	Synonymous
155	20.635340276267875	Missense
156	46.87595114585808	Total
156	26.214900540121228	Synonymous
156	20.661050605736865	Missense
157	41.585362734290335	Total
157	23.39084164117078	Synonymous
157	18.19452109311957	Missense
158	49.9961954170946	Total
158	28.15651116009577	Synonymous
158	21.839684256998908	Missense
159	45.53929236675017	Total
159	25.036510939638386	Synonymous
159	20.502781427111827	Missense
160	47.069155864962134	Total
160	26.33120408740456	Synonymous
160	20.73795177755762	Missense
161	52.070312413984155	Total
161	29.419701248990936	Synonymous
161	22.650611164993258	Missense
162	53.534927245586864	Total
162	30.256190300771355	Synonymous
162	23.278736944815535	Missense
163	50.87539998044496	Total
163	28.457492866960123	Synonymous
163	22.41790711348481	Missense
164	53.66425570661328	Total
164	29.293157662220054	Synonymous
164	24.37109804439332	Missense
165	54.557162272889904	Total
165	30.39856345338089	Synonymous
165	23.872201862393126	Missense
166	47.46600730336116	Total
166	26.423420457639907	Synonymous
166	20.75618988860531	Missense
167	55.41508967915121	Total
167	31.091232120136024	Synonymous
167	24.323857559015273	Missense
168	47.28589514911474	Total
168	25.945023522798703	Synonymous
168	21.054474669200104	Missense
169	49.257312879780706	Total
169	28.418953687263233	Synonymous
169	20.83835919251745	Missense
170	50.24969043394251	Total
170	28.077319368002314	Synonymous
170	22.172371065940307	Missense
171	50.89363936970611	Total
171	27.926368003480327	Synonymous
171	22.96727136622584	Missense
172	55.94696538401065	Total
172	31.097080363423707	Synonymous
172	24.849885020586964	Missense
173	49.89330488396055	Total
173	27.80056108248397	Synonymous
173	22.092743801476644	Missense
174	53.48106115945099	Total
174	29.531216509988063	Synonymous
174	23.949844649462985	Missense
175	53.09977070745456	Total
175	28.91932905401837	Synonymous
175	24.180441653436265	Missense
176	57.25737898240096	Total
176	32.05134372018536	Synonymous
176	25.20603526221567	Missense
177	58.27459424225815	Total
177	31.785290070841413	Synonymous
177	26.489304171416837	Missense
178	54.801317795755196	Total
178	30.063088833829756	Synonymous
178	24.738228961925497	Missense
179	55.152600281596754	Total
179	30.19812057377699	Synonymous
179	24.954479707819786	Missense
180	57.07177541109606	Total
180	32.08818851948843	Synonymous
180	24.98358689160764	Missense
181	58.555555305879146	Total
181	32.05130266078268	Synonymous
181	26.504252645096436	Missense
182	59.21647289327129	Total
182	32.47521265279234	Synonymous
182	26.74126024047902	Missense
183	55.791148008695046	Total
183	30.749503291448235	Synonymous
183	25.041644717246868	Missense
184	52.32647122786247	Total
184	28.220629008505412	Synonymous
184	24.105842219357154	Missense
185	60.3132712029993	Total
185	33.589667379044585	Synonymous
185	26.723603823954722	Missense
186	62.63475021465935	Total
186	34.77589314201709	Synonymous
186	27.858857072642344	Missense
187	58.451851467764676	Total
187	32.264700804541405	Synonymous
187	26.18715066322329	Missense
188	55.99155979537163	Total
188	31.322305342940407	Synonymous
188	24.669254452431197	Missense
189	58.01344345011533	Total
189	32.4916144747811	Synonymous
189	25.521828975334238	Missense
190	62.892194707850415	Total
190	35.788170569038364	Synonymous
190	27.104024138812143	Missense
191	60.245394596298055	Total
191	33.22755946862364	Synonymous
191	27.01783512767443	Missense
192	59.148511311286214	Total
192	33.44987104328299	Synonymous
192	25.69864026800317	Missense
193	61.86085528610798	Total
193	34.598563172217226	Synonymous
193	27.26229211389088	Missense
194	64.30670579750182	Total
194	35.99730096522168	Synonymous
194	28.309404832280226	Missense
195	64.58445587890749	Total
195	36.11963021924846	Synonymous
195	28.464825659659084	Missense
196	61.20483263922058	Total
196	34.14329006957651	Synonymous
196	27.061542569644153	Missense
197	63.21494072603962	Total
197	34.82501498334096	Synonymous
197	28.38992574269861	Missense
198	64.11780765276822	Total
198	36.063511479211606	Synonymous
198	28.054296173556715	Missense
199	62.113357188323995	Total
199	34.96780530461554	Synonymous
199	27.145551883708507	Missense
200	63.19283128042552	Total
200	35.78521283632157	Synonymous
200	27.407618444104063	Missense
201	64.30609257517597	Total
201	36.51631232775706	Synonymous
201	27.789780247418925	Missense
202	64.83422006508702	Total
202	35.98380214213187	Synonymous
202	28.850417922955224	Missense
203	58.701152938660904	Total
203	33.005711857091114	Synonymous
203	25.695441081569854	Missense
204	63.28668455045236	Total
204	34.98361148235688	Synonymous
204	28.30307306809545	Missense
205	65.22221606085522	Total
205	36.96071830206188	Synonymous
205	28.261497758793524	Missense
206	63.029663938947564	Total
206	35.05650027507545	Synonymous
206	27.973163663872104	Missense
207	70.85594013687607	Total
207	40.3345788308497	Synonymous
207	30.521361306026606	Missense
208	65.84795520771824	Total
208	36.88382863758016	Synonymous
208	28.964126570138124	Missense
209	64.80055524839476	Total
209	36.339875793281706	Synonymous
209	28.46067945511317	Missense
210	65.94100604635409	Total
210	36.56997728854841	Synonymous
210	29.371028757805767	Missense
211	70.40807973601065	Total
211	40.38309685904696	Synonymous
211	30.024982876963875	Missense
212	65.72942901838337	Total
212	37.600620499349944	Synonymous
212	28.12880851903348	Missense
213	63.38954940995125	Total
213	35.173511335947296	Synonymous
213	27.929641116888124	Missense
214	68.49917602101779	Total
214	37.72205178455325	Synonymous
214	30.777124236464733	Missense
215	67.25701452939178	Total
215	37.981658643020246	Synonymous
215	29.275355886371614	Missense
216	64.76591897776193	Total
216	35.517994856974106	Synonymous
216	29.247924120787868	Missense
217	67.10864455000446	Total
217	37.87867469774205	Synonymous
217	29.22996985226245	Missense
218	67.43533334242008	Total
218	38.625757858901295	Synonymous
218	28.809575483518984	Missense
219	68.01216490544769	Total
219	38.30550735090608	Synonymous
219	29.706657554541767	Missense
220	69.88368956359776	Total
220	40.332706030854446	Synonymous
220	29.550983532743434	Missense
221	62.50351674823979	Total
221	35.88066820598387	Synonymous
221	26.622848542256065	Missense
222	68.15020190563311	Total
222	38.419197889787895	Synonymous
222	29.444607058729357	Missense
223	68.79460061635474	Total
223	39.036279175282274	Synonymous
223	29.75832144107264	Missense
224	67.50566151718284	Total
224	36.61815408414947	Synonymous
224	30.887507433033488	Missense
225	56.09935760167699	Total
225	30.99612650757848	Synonymous
225	25.10323109409854	Missense
226	69.07629823851654	Total
226	38.79027815076155	Synonymous
226	30.286020087755027	Missense
227	67.25658943294107	Total
227	36.499058092470534	Synonymous
227	30.757531340470656	Missense
228	66.17115736485182	Total
228	37.50975942109654	Synonymous
228	28.661397943755386	Missense
229	64.56592087547021	Total
229	36.542662137097096	Synonymous
229	28.023258738373322	Missense
230	74.8035474085791	Total
230	41.94251120584884	Synonymous
230	32.86103620273039	Missense
231	66.98104204291734	Total
231	37.41436279898544	Synonymous
231	29.566679243932022	Missense
232	77.5974394795324	Total
232	41.8855968642804	Synonymous
232	35.71184261525211	Missense
233	75.66461664551998	Total
233	42.52825259678195	Synonymous
233	33.136364048738194	Missense
234	72.73955821853956	Total
234	40.153760023885354	Synonymous
234	32.585798194654245	Missense
235	72.91654971520052	Total
235	39.94928923932353	Synonymous
235	32.967260475877126	Missense
236	75.5362030959554	Total
236	42.52511389460043	Synonymous
236	33.01108920135506	Missense
237	72.70405671303114	Total
237	40.80831064001737	Synonymous
237	31.609349115897935	Missense
238	74.24500557129352	Total
238	42.401239535401466	Synonymous
238	31.843766035892088	Missense
239	73.42628545661073	Total
239	40.510906021645646	Synonymous
239	32.915379434965175	Missense
240	71.45870771095798	Total
240	40.154039199241666	Synonymous
240	31.30466851171645	Missense
241	74.82896360838818	Total
241	42.869669986082876	Synonymous
241	31.959293622305367	Missense
242	75.81684500369721	Total
242	42.73317806795309	Synonymous
242	33.08366693574432	Missense
243	78.55607338464165	Total
243	44.484811553646416	Synonymous
243	34.07126183099541	Missense
244	74.18911591193454	Total
244	41.25339688659329	Synonymous
244	32.935719025341434	Missense
245	74.62069923807694	Total
245	40.24911595625999	Synonymous
245	34.371583281817	Missense
246	80.64459955365633	Total
246	45.13048854905296	Synonymous
246	35.514111004603656	Missense
247	81.27172209606258	Total
247	45.24696933847645	Synonymous
247	36.02475275758635	Missense
248	67.28807797210729	Total
248	35.87213155082949	Synonymous
248	31.415946421277905	Missense
249	79.07286199615882	Total
249	43.01372351466739	Synonymous
249	35.772741524375775	Missense
250	85.09429258544476	Total
250	47.312061553387295	Synonymous
250	37.7822310320578	Missense
251	73.9277947627275	Total
251	40.0891598870349	Synonymous
251	33.83863487569268	Missense
252	82.86089593681217	Total
252	45.77837683142294	Synonymous
252	37.082519105389444	Missense
253	79.25712696190897	Total
253	44.196400633871136	Synonymous
253	35.06072632803812	Missense
254	75.37528476102702	Total
254	41.63140327865539	Synonymous
254	33.743881482371805	Missense
255	74.60861079004155	Total
255	40.988612570999685	Synonymous
255	33.619998219042095	Missense
256	78.26009110422288	Total
256	42.79044520652345	Synonymous
256	35.469645897699564	Missense
257	72.69377939337494	Total
257	39.041343253653814	Synonymous
257	33.65243613972128	Missense
258	80.99614543537052	Total
258	44.306632876351486	Synonymous
258	36.6895125590193	Missense
259	80.47900994586409	Total
259	44.034690881037974	Synonymous
259	36.444319064826345	Missense
260	73.89654184376329	Total
260	39.36835077629764	Synonymous
260	34.5281910674659	Missense
261	86.39008781007088	Total
261	46.35193325780192	Synonymous
261	39.75175759515311	Missense
262	78.2183753470791	Total
262	42.55130814078213	Synonymous
262	35.667067206297126	Missense
263	89.36037376016665	Total
263	49.1249128848748	Synonymous
263	40.0945022743139	Missense
264	93.47042136799301	Total
264	50.72227735302847	Synonymous
264	42.70019580258139	Missense
265	87.0282707073707	Total
265	48.50312617819198	Synonymous
265	38.42899038518319	Missense
266	87.21654289927861	Total
266	48.446285306981316	Synonymous
266	38.34290203420325	Missense
267	83.77688607435664	Total
267	45.67332616964516	Synonymous
267	38.007405760715656	Missense
268	82.7249584385911	Total
268	45.28603862168588	Synonymous
268	37.43891981690533	Missense
269	86.70604790515591	Total
269	46.754156828916535	Synonymous
269	39.85126176115726	Missense
270	82.07011893123463	Total
270	45.13613630587295	Synonymous
270	36.933982625361715	Missense
271	78.64416396640912	Total
271	43.41352886729618	Synonymous
271	35.20017368011472	Missense
272	80.33656099209773	Total
272	44.32769538820531	Synonymous
272	35.86790700291444	Missense
273	86.59807403841688	Total
273	48.451464931021576	Synonymous
273	38.1466091073954	Missense
274	85.30573585899654	Total
274	46.562718262490364	Synonymous
274	38.457348060751336	Missense
275	79.3628524972435	Total
275	44.56191935598008	Synonymous
275	34.704778997267454	Missense
276	75.45873432575986	Total
276	42.30713561436195	Synonymous
276	32.769047610286066	Missense
277	87.81918249473976	Total
277	48.63023420853528	Synonymous
277	39.14818585728024	Missense
278	82.17244368232518	Total
278	45.99934203231285	Synonymous
278	36.032143049034225	Missense
279	84.61970543562366	Total
279	46.18496976963446	Synonymous
279	38.47760021321036	Missense
280	83.78296890501477	Total
280	46.49495978697167	Synonymous
280	37.22833664804776	Missense
281	78.98629330045031	Total
281	42.38173115469029	Synonymous
281	36.338166608165565	Missense
282	81.65610247864429	Total
282	44.02616244086687	Synonymous
282	37.63682678777197	Missense
283	77.10698934136039	Total
283	41.613158552887796	Synonymous
283	35.393217028773776	Missense
284	83.78892516891189	Total
284	45.54735300599462	Synonymous
284	38.22721463439778	Missense
285	85.03702035496971	Total
285	46.66947100887734	Synonymous
285	38.192081114010335	Missense
286	91.84174915636126	Total
286	50.50017555225694	Synonymous
286	41.24094428902218	Missense
287	82.50810764351462	Total
287	43.922430905638144	Synonymous
287	38.585676737876724	Missense
288	73.0701517435409	Total
288	38.63622862043005	Synonymous
288	34.393160694186584	Missense
289	85.91532980899095	Total
289	46.20064310482217	Synonymous
289	39.738571397136305	Missense
290	80.72231627826145	Total
290	42.84474405659451	Synonymous
290	37.69017629863428	Missense
291	88.35033927422457	Total
291	47.28431225558421	Synonymous
291	40.821252663524895	Missense
292	85.70451937202735	Total
292	46.29146339182754	Synonymous
292	39.37410419452845	Missense
293	90.10486592862591	Total
293	48.8733260929523	Synonymous
293	41.23226725703494	Missense
294	86.45294598317291	Total
294	46.65083761868281	Synonymous
294	39.74243589449479	Missense
295	85.8235138589916	Total
295	46.6863326849117	Synonymous
295	39.04546550764903	Missense
296	85.30003689625819	Total
296	45.66849255530452	Synonymous
296	39.571871870958255	Missense
297	87.7084345383086	Total
297	47.073964838645644	Synonymous
297	40.604008280664644	Missense
298	90.30260842760116	Total
298	49.15675813718591	Synonymous
298	41.10508786149097	Missense
299	88.1711044421586	Total
299	47.828951641034074	Synonymous
299	40.20119420014651	Missense
300	89.25699641153366	Total
300	47.85742004513779	Synonymous
300	41.21835418239915	Missense
301	85.08813328207813	Total
301	46.53863049823816	Synonymous
301	38.580046937663234	Missense
302	79.99716322037304	Total
302	43.039724412028725	Synonymous
302	36.93986366540599	Missense
303	80.68373824214274	Total
303	43.11854428300716	Synonymous
303	37.565193959135804	Missense
304	83.29548741739482	Total
304	44.49804684558937	Synonymous
304	38.517459881027825	Missense
305	84.8028681586625	Total
305	45.9987553440475	Synonymous
305	38.86505191046344	Missense
306	82.54646897537535	Total
306	43.717774709252296	Synonymous
306	38.68773566514521	Missense
307	93.07749541730009	Total
307	50.56246767772594	Synonymous
307	42.33955950749216	Missense
308	92.58944335439116	Total
308	50.411883171333784	Synonymous
308	42.17756018305746	Missense
309	80.86360240863412	Total
309	42.9989475338473	Synonymous
309	37.86465487478699	Missense
310	76.71175242057375	Total
310	41.336586641777146	Synonymous
310	35.3751657787967	Missense
311	83.53372703179589	Total
311	44.8359407153209	Synonymous
311	38.411389359359376	Missense
312	85.50162834547861	Total
312	46.343969969809166	Synonymous
312	39.15765837566972	Missense
313	84.37062703458518	Total
313	45.74666601073012	Synonymous
313	38.34582693567958	Missense
314	72.76946599755493	Total
314	39.038361175511874	Synonymous
314	33.45297073386749	Missense
315	91.00551708849677	Total
315	49.798542726009366	Synonymous
315	41.206974362487585	Missense
316	86.05769952392207	Total
316	45.918090690188514	Synonymous
316	39.861474745558134	Missense
317	83.53005577559166	Total
317	44.84775172267339	Synonymous
317	38.39590709580248	Missense
318	84.5248424022189	Total
318	45.46628453002134	Synonymous
318	39.05855787219794	Missense
319	83.93687031726209	Total
319	44.065211452138456	Synonymous
319	39.871658865123806	Missense
320	88.51245544599281	Total
320	47.76333351236697	Synonymous
320	40.564164775675955	Missense
321	61.24640819871367	Total
321	33.483043457064895	Synonymous
321	27.632356195205574	Missense
322	94.6463390504861	Total
322	50.070747211667324	Synonymous
322	44.637038796106424	Missense
323	91.32166876142314	Total
323	47.5471808876473	Synonymous
323	43.58709195074342	Missense
324	88.00470362361769	Total
324	47.14421526983082	Synonymous
324	40.8604883537873	Missense
325	86.66408137685671	Total
325	45.00965552533748	Synonymous
325	41.678310544486614	Missense
326	82.37685629537684	Total
326	42.82028319287429	Synonymous
326	39.3655981440152	Missense
327	69.668114186269	Total
327	37.26451659206101	Synonymous
327	32.228713757486524	Missense
328	73.56322101320877	Total
328	38.15933497812397	Synonymous
328	35.177788851427394	Missense
329	83.15218684301684	Total
329	44.16916313926091	Synonymous
329	39.061197495373776	Missense
330	93.06975413171237	Total
330	49.638536477097915	Synonymous
330	43.43121765461479	Missense
331	87.43511726142982	Total
331	46.28625838181013	Synonymous
331	41.14885887962011	Missense
332	79.06198230717898	Total
332	41.61011646044309	Synonymous
332	37.451865846735984	Missense
333	92.69465627831117	Total
333	48.29100871225883	Synonymous
333	44.40364756605255	Missense
334	89.40679529568821	Total
334	47.501774770414016	Synonymous
334	41.61862356815856	Missense
335	88.6036214394994	Total
335	46.65418089059608	Synonymous
335	41.949440548903716	Missense
336	93.52751901487018	Total
336	49.51239220320336	Synonymous
336	44.01512681166695	Missense
337	90.50111659185386	Total
337	48.159111170980594	Synonymous
337	42.342005420873384	Missense
338	93.13185725442564	Total
338	49.52813697944502	Synonymous
338	43.60372027498082	Missense
339	83.40894858740712	Total
339	43.77014189011408	Synonymous
339	39.63880669729333	Missense
340	88.78186410716819	Total
340	47.12246025413332	Synonymous
340	41.6594038530353	Missense
341	86.26152192619922	Total
341	44.921534973800355	Synonymous
341	41.339986952399244	Missense
342	90.08360305805716	Total
342	46.97241779130946	Synonymous
342	43.11118526674806	Missense
343	88.61667642104821	Total
343	47.90108067832484	Synonymous
343	40.71559574272372	Missense
344	93.78413248862155	Total
344	49.67998081066693	Synonymous
344	44.10415167795511	Missense
345	85.473808955471	Total
345	44.732510501446065	Synonymous
345	40.74129845402505	Missense
346	90.3504538771233	Total
346	47.846713495888324	Synonymous
346	42.50374038123522	Missense
347	96.51329864719213	Total
347	50.924572941966595	Synonymous
347	45.58872570522563	Missense
348	97.11710854263784	Total
348	51.90730763480197	Synonymous
348	45.209800907836154	Missense
349	80.11543821675659	Total
349	43.757605777626154	Synonymous
349	36.35783243913064	Missense
350	96.98647422458833	Total
350	52.2125266540781	Synonymous
350	44.77394757051041	Missense
351	106.30406101328846	Total
351	57.124860448329656	Synonymous
351	49.17920056495914	Missense
352	80.71898788135053	Total
352	42.79108785818287	Synonymous
352	37.927900023167865	Missense
353	74.25118276693989	Total
353	40.22680785008791	Synonymous
353	34.02437491685209	Missense
354	78.46306257331479	Total
354	42.24131944230753	Synonymous
354	36.22174313100732	Missense
355	75.10882730015746	Total
355	40.564296946123235	Synonymous
355	34.54453035403431	Missense
356	105.51883797244977	Total
356	57.72934235149708	Synonymous
356	47.78949562095283	Missense
357	94.73176730371783	Total
357	51.68405751835011	Synonymous
357	43.047709785367886	Missense
358	61.203987169384035	Total
358	31.90473118343208	Synonymous
358	29.251307773568413	Missense
359	80.73965790796434	Total
359	43.54232205434686	Synonymous
359	37.197335853617666	Missense
360	84.01611442979511	Total
360	44.79287875167284	Synonymous
360	39.22323567812249	Missense
361	92.35659110695916	Total
361	50.11452231942991	Synonymous
361	42.24206878752924	Missense
362	97.76309187512533	Total
362	53.56554022561489	Synonymous
362	44.19755164951042	Missense
363	102.49765084400133	Total
363	55.65644940771302	Synonymous
363	46.84120143628847	Missense
364	99.3380382409069	Total
364	53.46767397401384	Synonymous
364	45.87036426689317	Missense
365	99.57200787913074	Total
365	53.59319345659029	Synonymous
365	45.978814422540616	Missense
366	100.33846018593327	Total
366	54.343474709400375	Synonymous
366	45.99498547653305	Missense
367	109.44917168541515	Total
367	59.83096225839915	Synonymous
367	49.61820942701616	Missense
368	88.19358420095142	Total
368	47.597687436903996	Synonymous
368	40.59589676404779	Missense
369	76.82597158562393	Total
369	41.7665233352894	Synonymous
369	35.05944825033483	Missense
370	98.88742796166989	Total
370	54.009167860430274	Synonymous
370	44.87826010123975	Missense
371	104.63925375087622	Total
371	57.061358996249616	Synonymous
371	47.57789475462692	Missense
372	105.8612904693877	Total
372	57.665823028640474	Synonymous
372	47.90907048363147	Missense
373	112.96769148286364	Total
373	61.83060543245312	Synonymous
373	51.13708605041073	Missense
374	109.57452795305683	Total
374	60.22535152595703	Synonymous
374	49.349176427100005	Missense
375	100.66003307872151	Total
375	54.75124571529582	Synonymous
375	45.90878736342602	Missense
376	109.35842229477217	Total
376	58.95558968667902	Synonymous
376	50.40283260809333	Missense
377	111.11943675162186	Total
377	60.83381732306289	Synonymous
377	50.28561942855938	Missense
378	106.72157178757637	Total
378	58.63867780533428	Synonymous
378	48.082893982242275	Missense
379	106.44356623297115	Total
379	58.206624179548335	Synonymous
379	48.23694205342295	Missense
380	96.74035099565246	Total
380	53.67157362309743	Synonymous
380	43.068777372555154	Missense
381	93.25517257261582	Total
381	50.64401787513748	Synonymous
381	42.61115469747864	Missense
382	110.2201419227032	Total
382	59.492774480871454	Synonymous
382	50.72736744183183	Missense
383	103.6766268639858	Total
383	56.924787859194	Synonymous
383	46.75183900479186	Missense
384	105.10797370380688	Total
384	56.32341331760741	Synonymous
384	48.78456038619962	Missense
385	114.7298806771572	Total
385	62.62513179338871	Synonymous
385	52.10474888376888	Missense
386	111.1101071827389	Total
386	60.994556914907264	Synonymous
386	50.11555026783191	Missense
387	115.0910894648671	Total
387	62.68623352522414	Synonymous
387	52.11845898252707	Missense
388	111.54027283145172	Total
388	60.305340723732115	Synonymous
388	51.234932107719615	Missense
389	91.02836253581644	Total
389	49.67818878380658	Synonymous
389	41.063776794894096	Missense
390	92.33783740451786	Total
390	50.25912516796868	Synonymous
390	42.07871223654963	Missense
391	103.95976812751711	Total
391	56.70785925951164	Synonymous
391	47.251908868005685	Missense
392	121.00915677182545	Total
392	66.34286823589545	Synonymous
392	54.666288535930384	Missense
393	110.22273346717306	Total
393	60.65916207281982	Synonymous
393	49.563571394353474	Missense
394	110.40173455333745	Total
394	58.4040210354636	Synonymous
394	51.997713517874026	Missense
395	108.15990213422711	Total
395	58.55223610571954	Synonymous
395	49.607666028507744	Missense
396	117.73901091259054	Total
396	62.630787773903684	Synonymous
396	55.108223138687045	Missense
397	112.64641594260385	Total
397	60.98357318466611	Synonymous
397	51.66284275793798	Missense
398	115.98099400746744	Total
398	61.381580716092905	Synonymous
398	54.599413291374866	Missense
399	123.36010364601633	Total
399	66.3258814009128	Synonymous
399	57.03422224510386	Missense
400	120.05870344924624	Total
400	63.64619053411685	Synonymous
400	56.41251291512969	Missense
401	122.27546158126407	Total
401	65.55614297369236	Synonymous
401	56.71931860757202	Missense
402	116.26932828646278	Total
402	63.37713071771582	Synonymous
402	52.892197568747264	Missense
403	119.0025179151527	Total
403	64.36972331777874	Synonymous
403	54.63279459737425	Missense
404	101.89661067807346	Total
404	55.880439432026066	Synonymous
404	46.01617124604763	Missense
405	118.28338426379705	Total
405	64.39521582594972	Synonymous
405	53.888168437847725	Missense
406	106.62467232501443	Total
406	58.32218821501023	Synonymous
406	48.30248411000446	Missense
407	102.57653928181813	Total
407	55.27093231323134	Synonymous
407	47.30560696858681	Missense
408	114.8318891711487	Total
408	62.113164234593434	Synonymous
408	52.7187249365554	Missense
409	103.5940531211944	Total
409	55.62833360727506	Synonymous
409	47.96571951391976	Missense
410	81.41651366757792	Total
410	43.835627948833064	Synonymous
410	37.58088571874506	Missense
411	102.03435755468418	Total
411	53.821451106271205	Synonymous
411	48.21290644841318	Missense
412	89.5018458618974	Total
412	47.55703935130318	Synonymous
412	41.94480651059431	Missense
413	102.5905080485228	Total
413	52.98888700132087	Synonymous
413	49.60162104720218	Missense
414	84.93164762517763	Total
414	45.260311076485124	Synonymous
414	39.671336548692786	Missense
415	91.83391269545035	Total
415	48.52422404540235	Synonymous
415	43.309688650048365	Missense
416	81.40934274723179	Total
416	43.69284445091478	Synonymous
416	37.71649829631725	Missense
417	93.52030198379461	Total
417	49.75952307435866	Synonymous
417	43.760778909436006	Missense
418	99.71400239083933	Total
418	53.169420271177685	Synonymous
418	46.54458211966189	Missense
419	92.61535561491483	Total
419	49.36528116237439	Synonymous
419	43.250074452540446	Missense
420	96.28629088080879	Total
420	50.69145129473847	Synonymous
420	45.594839586070705	Missense
421	64.68466497051288	Total
421	34.925783416747834	Synonymous
421	29.758881553765118	Missense
422	101.0980908767766	Total
422	52.828209311104644	Synonymous
422	48.26988156567218	Missense
423	97.22220879846743	Total
423	50.8612011485519	Synonymous
423	46.36100764991569	Missense
424	103.24004279239935	Total
424	54.4753130148575	Synonymous
424	48.7647297775421	Missense
425	92.63452827175271	Total
425	48.8726710069806	Synonymous
425	43.76185726477226	Missense
426	105.05364339343456	Total
426	54.800152366555835	Synonymous
426	50.253491026878876	Missense
427	95.44910449650952	Total
427	50.09761716243536	Synonymous
427	45.35148733407444	Missense
428	96.44610402971742	Total
428	52.14535002695619	Synonymous
428	44.30075400276124	Missense
429	103.61837015418168	Total
429	55.34863751897243	Synonymous
429	48.26973263520958	Missense
430	99.85002802896702	Total
430	52.82341900933793	Synonymous
430	47.02660901962939	Missense
431	97.54111864248128	Total
431	52.814263544024584	Synonymous
431	44.726855098456916	Missense
432	107.59002674709485	Total
432	57.59981432800725	Synonymous
432	49.99021241908794	Missense
433	102.05768056403983	Total
433	53.420234352172734	Synonymous
433	48.63744621186733	Missense
434	98.40589252121516	Total
434	52.32940958241455	Synonymous
434	46.07648293880073	Missense
435	110.93572596489776	Total
435	57.4944426134538	Synonymous
435	53.30032475046585	Missense
436	103.21939639290689	Total
436	54.772630063826306	Synonymous
436	48.446766329080916	Missense
437	111.33227493996661	Total
437	57.82464419851651	Synonymous
437	53.50763074145029	Missense
438	110.78819407623254	Total
438	57.703431582453405	Synonymous
438	53.03681428139586	Missense
439	99.54340403735236	Total
439	53.00314304419445	Synonymous
439	46.54026099315801	Missense
440	112.01311748947911	Total
440	58.749383393159356	Synonymous
440	53.26373409632	Missense
441	105.83732326281996	Total
441	53.94752238063656	Synonymous
441	51.889800882183685	Missense
442	114.09039148555361	Total
442	59.51807479466666	Synonymous
442	54.001551692740854	Missense
443	107.91859695428818	Total
443	56.49341442936257	Synonymous
443	51.42518252492586	Missense
444	109.13984890957451	Total
444	56.421839772069085	Synonymous
444	52.71800913750571	Missense
445	110.0844907278038	Total
445	57.14054915120561	Synonymous
445	52.87748570553575	Missense
446	110.38385018301135	Total
446	57.054111320481	Synonymous
446	53.329738862530576	Missense
447	107.87114894444738	Total
447	57.13820170557892	Synonymous
447	50.59198863789059	Missense
448	116.51283913421169	Total
448	61.63422629130282	Synonymous
448	54.878612842909185	Missense
449	95.03422544198527	Total
449	48.31054727694726	Synonymous
449	46.723678165037995	Missense
450	110.02055444974027	Total
450	57.04236709738326	Synonymous
450	52.93023913997382	Missense
451	111.28742660069823	Total
451	57.22468932321701	Synonymous
451	53.92177867650315	Missense
452	106.29482507744466	Total
452	54.41777820986209	Synonymous
452	51.69582468358583	Missense
453	115.2132461875133	Total
453	61.17339576130808	Synonymous
453	54.03985042620558	Missense
454	117.2293211173002	Total
454	61.530699844412204	Synonymous
454	55.698621272888246	Missense
455	116.32055862515243	Total
455	61.1661910961813	Synonymous
455	54.86797057185549	Missense
456	93.46757268958783	Total
456	50.20266742991727	Synonymous
456	43.264905259670996	Missense
457	119.65777315508521	Total
457	63.35498469923672	Synonymous
457	56.30278845584884	Missense
458	121.1147784772613	Total
458	63.837807991268605	Synonymous
458	57.27697048599291	Missense
459	109.07190626579708	Total
459	58.09487167107103	Synonymous
459	50.97703459472645	Missense
460	76.84854463932966	Total
460	42.702422620620396	Synonymous
460	34.14612201870931	Missense
461	121.5434472955653	Total
461	64.02678645698253	Synonymous
461	57.516660838583135	Missense
462	115.53700045449654	Total
462	61.15719858663244	Synonymous
462	54.37980186786435	Missense
463	114.22459278786675	Total
463	61.44048455193826	Synonymous
463	52.7841082359289	Missense
464	120.58619001019736	Total
464	63.26831561428949	Synonymous
464	57.31787439590815	Missense
465	107.34085687664225	Total
465	56.82984110491085	Synonymous
465	50.511015771731785	Missense
466	116.64993526091244	Total
466	61.297301257946586	Synonymous
466	55.352634002966184	Missense
467	113.75001465587313	Total
467	59.78213732244939	Synonymous
467	53.967877333424	Missense
468	109.44216444481198	Total
468	58.73552329246521	Synonymous
468	50.70664115234714	Missense
469	72.58303691437868	Total
469	39.5308760076221	Synonymous
469	33.052160906756576	Missense
470	88.4768446833159	Total
470	47.778992649305906	Synonymous
470	40.697852034010275	Missense
471	108.76851057911374	Total
471	57.02634084058317	Synonymous
471	51.742169738530876	Missense
472	117.95932162126948	Total
472	62.46019653239186	Synonymous
472	55.32424125215626	Missense
473	122.64353438720278	Total
473	62.68722497925891	Synonymous
473	59.77135224999382	Missense
474	105.448753035991	Total
474	56.01204367389105	Synonymous
474	49.436709362100196	Missense
475	107.52656119419717	Total
475	57.028233349480566	Synonymous
475	50.49832784471669	Missense
476	123.51661866389048	Total
476	64.23652638222345	Synonymous
476	59.28009228166724	Missense
477	110.37251650001674	Total
477	59.50426298666299	Synonymous
477	50.868253513353906	Missense
478	124.3735230040586	Total
478	65.52502024759129	Synonymous
478	58.848502756467575	Missense
479	121.27077818470198	Total
479	63.36646335714555	Synonymous
479	57.90431482755682	Missense
480	120.90016548338374	Total
480	63.906732836752745	Synonymous
480	56.99343264663136	Missense
481	98.81925659146823	Total
481	52.85085673922948	Synonymous
481	45.96839985223911	Missense
482	107.7111122479654	Total
482	57.76029945879975	Synonymous
482	49.9508127891658	Missense
483	93.634508526575	Total
483	50.27846882058141	Synonymous
483	43.35603970599379	Missense
484	110.87174056645964	Total
484	58.50368788900057	Synonymous
484	52.08165572034322	Missense
485	123.86044250145166	Total
485	65.03371689966394	Synonymous
485	58.82672560178783	Missense
486	121.38011252536295	Total
486	64.78481647678899	Synonymous
486	56.30889909145843	Missense
487	119.19616865440085	Total
487	62.70449231675601	Synonymous
487	56.491676337645046	Missense
488	123.78678111448723	Total
488	64.30899392000718	Synonymous
488	59.47778719448014	Missense
489	123.17665388002898	Total
489	64.65465685922314	Synonymous
489	58.52199702080602	Missense
490	112.08799454213099	Total
490	58.73877697688302	Synonymous
490	53.349217565248246	Missense
491	130.81631874513266	Total
491	67.7413312420482	Synonymous
491	63.074987503084614	Missense
492	126.36646039512772	Total
492	65.79105530039382	Synonymous
492	60.575405094734066	Missense
493	129.16402719332183	Total
493	67.32277709210189	Synonymous
493	61.84125010122004	Missense
494	116.30943386154155	Total
494	61.873805118625214	Synonymous
494	54.43562874291653	Missense
495	131.24018904433254	Total
495	68.60419861900051	Synonymous
495	62.635990425332196	Missense
496	122.59958574219884	Total
496	65.27045210663564	Synonymous
496	57.32913363556358	Missense
497	102.11770526061404	Total
497	55.19308205755528	Synonymous
497	46.92462320305896	Missense
498	112.63276264276902	Total
498	59.697698324434825	Synonymous
498	52.93506431833464	Missense
499	117.03308311914628	Total
499	62.43612856329417	Synonymous
499	54.31055759873622	Missense
500	124.47580620100065	Total
500	64.55753063979039	Synonymous
500	59.91827556121035	Missense
