geo	varID	counts	aaID	locus	conseq	2020-01	2020-02	2020-03	2020-04	2020-05	2020-06	2020-07	2020-08	2020-09	2020-10	2020-11	2020-12	2021-01	2021-02	2021-03	samp_2020-01	samp_2020-02	samp_2020-03	samp_2020-04	samp_2020-05	samp_2020-06	samp_2020-07	samp_2020-08	samp_2020-09	samp_2020-10	samp_2020-11	samp_2020-12	samp_2021-01	samp_2021-02	samp_2021-03
N_America	T3037	1270	NA	nsp3	synonymous	0.0	14.29	73.0	93.0	97.0	99.0	99.0	100.0	98.0	100.0	99.0	99.0	99.0	100.0	100.0	19	98	100	100	100	100	100	100	100	100	100	100	100	100	100
N_America	T28869	273	P199L	N	missense	0.0	2.04	0.0	0.0	0.0	6.0	9.0	6.0	19.0	24.0	40.0	39.0	41.0	39.0	48.0	19	98	100	100	100	100	100	100	100	100	100	100	100	100	100
N_America	T28472	258	P67S	N	missense	0.0	2.04	0.0	0.0	0.0	6.0	7.0	6.0	16.0	22.0	40.0	40.0	44.0	34.0	41.0	19	98	100	100	100	100	100	100	100	100	100	100	100	100	100
N_America	T27964	345	S24L	ORF8	missense	0.0	2.04	8.0	4.0	16.0	23.0	20.0	18.0	22.0	26.0	41.0	42.0	47.0	35.0	41.0	19	98	100	100	100	100	100	100	100	100	100	100	100	100	100
N_America	T25907	260	G172V	ORF3a	missense	0.0	2.04	0.0	0.0	0.0	6.0	7.0	6.0	18.0	23.0	44.0	39.0	42.0	33.0	40.0	19	98	100	100	100	100	100	100	100	100	100	100	100	100	100
N_America	T25563	767	Q57H	ORF3a	missense	0.0	6.12	59.0	65.0	67.0	58.0	60.0	48.0	50.0	42.0	59.0	60.0	69.0	58.0	66.0	19	98	100	100	100	100	100	100	100	100	100	100	100	100	100
N_America	T21304	252	R216C	nsp16	missense	0.0	2.04	0.0	0.0	0.0	6.0	7.0	6.0	19.0	23.0	42.0	38.0	40.0	32.0	37.0	19	98	100	100	100	100	100	100	100	100	100	100	100	100	100
N_America	T14805	117	NA	nsp12	synonymous	0.0	4.08	5.0	1.0	0.0	1.0	0.0	1.0	10.0	12.0	14.0	15.0	17.0	15.0	22.0	19	98	100	100	100	100	100	100	100	100	100	100	100	100	100
N_America	T14408	1268	P323L	nsp12	missense	0.0	14.29	72.0	93.0	97.0	99.0	99.0	99.0	99.0	100.0	100.0	98.0	99.0	99.0	100.0	19	98	100	100	100	100	100	100	100	100	100	100	100	100	100
N_America	T13201	8	NA	nsp10	synonymous	0.0	0.0	0.0	0.0	0.0	0.0	0.0	1.0	1.0	1.0	0.0	1.0	2.0	1.0	1.0	19	98	100	100	100	100	100	100	100	100	100	100	100	100	100
N_America	T1059	691	T85I	nsp2	missense	0.0	4.08	52.0	45.0	56.0	51.0	60.0	41.0	39.0	35.0	58.0	57.0	67.0	58.0	68.0	19	98	100	100	100	100	100	100	100	100	100	100	100	100	100
N_America	T10319	292	L89F	nsp5	missense	0.0	2.04	0.0	0.0	3.0	11.0	14.0	9.0	22.0	26.0	42.0	40.0	47.0	35.0	41.0	19	98	100	100	100	100	100	100	100	100	100	100	100	100	100
N_America	G23403	1273	D614G	S	missense	0.0	14.29	73.0	93.0	96.0	99.0	100.0	100.0	100.0	100.0	100.0	99.0	99.0	100.0	100.0	19	98	100	100	100	100	100	100	100	100	100	100	100	100	100
N_America	G18424	267	N129D	nsp14	missense	0.0	2.04	0.0	0.0	0.0	6.0	8.0	6.0	21.0	24.0	42.0	41.0	42.0	35.0	40.0	19	98	100	100	100	100	100	100	100	100	100	100	100	100	100
N_America	A8083	110	M1788I	nsp3	missense	0.0	1.02	0.0	0.0	0.0	1.0	0.0	1.0	11.0	12.0	14.0	16.0	17.0	15.0	22.0	19	98	100	100	100	100	100	100	100	100	100	100	100	100	100
N_America	T28854	175	S194L	N	missense	36.84	1.02	0.0	3.0	5.0	10.0	11.0	23.0	20.0	33.0	16.0	24.0	14.0	6.0	2.0	19	98	100	100	100	100	100	100	100	100	100	100	100	100	100
N_America	T25855	9	D155Y	ORF3a	missense	0.0	0.0	0.0	0.0	0.0	0.0	0.0	0.0	0.0	0.0	1.0	3.0	1.0	1.0	3.0	19	98	100	100	100	100	100	100	100	100	100	100	100	100	100
N_America	G20268	153	NA	nsp15	synonymous	0.0	1.02	2.0	5.0	5.0	8.0	11.0	20.0	17.0	28.0	13.0	22.0	13.0	6.0	2.0	19	98	100	100	100	100	100	100	100	100	100	100	100	100	100
N_America	T18131	18	T31I	nsp14	missense	0.0	0.0	0.0	0.0	0.0	0.0	0.0	0.0	0.0	0.0	1.0	2.0	2.0	6.0	7.0	19	98	100	100	100	100	100	100	100	100	100	100	100	100	100
N_America	T13119	15	A32V	nsp10	missense	0.0	0.0	0.0	0.0	0.0	1.0	0.0	1.0	0.0	1.0	0.0	2.0	2.0	3.0	5.0	19	98	100	100	100	100	100	100	100	100	100	100	100	100	100
N_America	G21203	9	K182R	nsp16	missense	0.0	0.0	0.0	0.0	0.0	0.0	0.0	0.0	0.0	0.0	0.0	1.0	2.0	3.0	3.0	19	98	100	100	100	100	100	100	100	100	100	100	100	100	100
N_America	A7348	17	N1543K	nsp3	missense	0.0	0.0	0.0	0.0	0.0	0.0	0.0	0.0	0.0	0.0	1.0	2.0	2.0	6.0	6.0	19	98	100	100	100	100	100	100	100	100	100	100	100	100	100
N_America	T28887	82	T205I	N	missense	0.0	0.0	1.0	4.0	1.0	2.0	0.0	6.0	5.0	5.0	4.0	8.0	22.0	13.0	11.0	19	98	100	100	100	100	100	100	100	100	100	100	100	100	100
N_America	T27603	14	NA	ORF7a	synonymous	0.0	0.0	0.0	0.0	0.0	3.0	1.0	1.0	4.0	1.0	1.0	0.0	2.0	0.0	1.0	19	98	100	100	100	100	100	100	100	100	100	100	100	100	100
N_America	T26885	13	NA	M	synonymous	0.0	0.0	0.0	0.0	0.0	1.0	1.0	1.0	4.0	1.0	0.0	1.0	3.0	0.0	1.0	19	98	100	100	100	100	100	100	100	100	100	100	100	100	100
N_America	T2416	36	NA	nsp2	synonymous	0.0	0.0	3.0	14.0	6.0	2.0	0.0	2.0	5.0	2.0	0.0	0.0	2.0	0.0	0.0	19	98	100	100	100	100	100	100	100	100	100	100	100	100	100
N_America	T16616	9	T127I	nsp13	missense	0.0	0.0	0.0	0.0	0.0	1.0	0.0	1.0	4.0	1.0	0.0	0.0	2.0	0.0	0.0	19	98	100	100	100	100	100	100	100	100	100	100	100	100	100
N_America	T12068	8	NA	nsp7	synonymous	0.0	0.0	0.0	0.0	0.0	0.0	0.0	0.0	5.0	1.0	1.0	0.0	0.0	0.0	1.0	19	98	100	100	100	100	100	100	100	100	100	100	100	100	100
N_America	T18486	16	NA	nsp14	synonymous	0.0	0.0	0.0	0.0	1.0	0.0	1.0	1.0	1.0	5.0	0.0	4.0	1.0	1.0	1.0	19	98	100	100	100	100	100	100	100	100	100	100	100	100	100
N_America	C22162	12	NA	S	synonymous	0.0	0.0	0.0	0.0	1.0	0.0	1.0	1.0	1.0	5.0	0.0	3.0	0.0	0.0	0.0	19	98	100	100	100	100	100	100	100	100	100	100	100	100	100
N_America	T913	42	NA	nsp2	synonymous	0.0	0.0	0.0	0.0	0.0	0.0	0.0	0.0	0.0	1.0	1.0	0.0	4.0	21.0	15.0	19	98	100	100	100	100	100	100	100	100	100	100	100	100	100
N_America	T7042	10	M1441I	nsp3	missense	0.0	0.0	0.0	0.0	0.0	0.0	0.0	0.0	0.0	0.0	0.0	1.0	0.0	5.0	4.0	19	98	100	100	100	100	100	100	100	100	100	100	100	100	100
N_America	T5986	42	NA	nsp3	synonymous	0.0	0.0	0.0	0.0	0.0	0.0	0.0	0.0	0.0	0.0	0.0	0.0	4.0	23.0	15.0	19	98	100	100	100	100	100	100	100	100	100	100	100	100	100
N_America	T3267	43	T183I	nsp3	missense	0.0	0.0	0.0	0.0	0.0	0.0	0.0	1.0	0.0	1.0	0.0	0.0	4.0	22.0	15.0	19	98	100	100	100	100	100	100	100	100	100	100	100	100	100
N_America	T28977	53	S235F	N	missense	0.0	0.0	0.0	0.0	0.0	0.0	1.0	2.0	1.0	4.0	3.0	1.0	6.0	20.0	15.0	19	98	100	100	100	100	100	100	100	100	100	100	100	100	100
N_America	T28281	34	D3V	N	missense	0.0	0.0	0.0	0.0	0.0	0.0	0.0	0.0	0.0	0.0	0.0	0.0	1.0	19.0	14.0	19	98	100	100	100	100	100	100	100	100	100	100	100	100	100
N_America	T28095	17	K68*	ORF8	missense	0.0	0.0	0.0	0.0	0.0	0.0	0.0	0.0	0.0	0.0	0.0	0.0	3.0	7.0	7.0	19	98	100	100	100	100	100	100	100	100	100	100	100	100	100
N_America	T28048	39	R52I	ORF8	missense	0.0	0.0	0.0	0.0	0.0	0.0	0.0	0.0	0.0	0.0	0.0	0.0	4.0	21.0	14.0	19	98	100	100	100	100	100	100	100	100	100	100	100	100	100
N_America	T27972	41	Q27*	ORF8	missense	0.0	0.0	0.0	1.0	0.0	0.0	0.0	0.0	0.0	0.0	0.0	0.0	4.0	22.0	14.0	19	98	100	100	100	100	100	100	100	100	100	100	100	100	100
N_America	T23709	43	T716I	S	missense	0.0	0.0	0.0	0.0	0.0	0.0	0.0	1.0	0.0	1.0	0.0	0.0	5.0	21.0	15.0	19	98	100	100	100	100	100	100	100	100	100	100	100	100	100
N_America	T23063	49	N501Y	S	missense	0.0	0.0	0.0	0.0	0.0	0.0	0.0	0.0	0.0	0.0	1.0	0.0	4.0	25.0	19.0	19	98	100	100	100	100	100	100	100	100	100	100	100	100	100
N_America	T2110	18	NA	nsp2	synonymous	0.0	0.0	1.0	0.0	0.0	0.0	0.0	1.0	0.0	1.0	0.0	1.0	1.0	7.0	6.0	19	98	100	100	100	100	100	100	100	100	100	100	100	100	100
N_America	T15720	15	NA	nsp12	synonymous	0.0	0.0	0.0	0.0	1.0	0.0	1.0	2.0	0.0	0.0	0.0	1.0	0.0	8.0	2.0	19	98	100	100	100	100	100	100	100	100	100	100	100	100	100
N_America	T15279	42	NA	nsp12	synonymous	0.0	0.0	0.0	0.0	0.0	0.0	0.0	0.0	0.0	0.0	1.0	0.0	4.0	21.0	16.0	19	98	100	100	100	100	100	100	100	100	100	100	100	100	100
N_America	T14676	43	NA	nsp12	synonymous	0.0	0.0	0.0	0.0	0.0	0.0	1.0	0.0	1.0	0.0	0.0	1.0	4.0	21.0	15.0	19	98	100	100	100	100	100	100	100	100	100	100	100	100	100
N_America	T14120	17	P227L	nsp12	missense	0.0	0.0	0.0	0.0	0.0	0.0	1.0	0.0	0.0	1.0	1.0	0.0	1.0	7.0	6.0	19	98	100	100	100	100	100	100	100	100	100	100	100	100	100
N_America	G28111	40	Y73C	ORF8	missense	0.0	0.0	0.0	0.0	0.0	0.0	0.0	0.0	0.0	0.0	0.0	0.0	4.0	21.0	15.0	19	98	100	100	100	100	100	100	100	100	100	100	100	100	100
N_America	G24506	41	S982A	S	missense	0.0	0.0	0.0	0.0	0.0	0.0	0.0	0.0	0.0	0.0	0.0	0.0	4.0	21.0	16.0	19	98	100	100	100	100	100	100	100	100	100	100	100	100	100
N_America	C6954	40	I1412T	nsp3	missense	0.0	0.0	0.0	0.0	0.0	0.0	0.0	0.0	0.0	0.0	0.0	0.0	4.0	20.0	16.0	19	98	100	100	100	100	100	100	100	100	100	100	100	100	100
N_America	C28883	248	G204R	N	missense	0.0	6.12	6.0	7.0	12.0	24.0	22.0	21.0	25.0	19.0	16.0	13.0	12.0	35.0	30.0	19	98	100	100	100	100	100	100	100	100	100	100	100	100	100
N_America	C28280	34	D3H	N	missense	0.0	0.0	0.0	0.0	0.0	0.0	0.0	0.0	0.0	0.0	0.0	0.0	1.0	19.0	14.0	19	98	100	100	100	100	100	100	100	100	100	100	100	100	100
N_America	C24914	39	D1118H	S	missense	0.0	0.0	0.0	0.0	0.0	0.0	0.0	0.0	0.0	0.0	0.0	0.0	4.0	21.0	14.0	19	98	100	100	100	100	100	100	100	100	100	100	100	100	100
N_America	C16176	40	NA	nsp12	synonymous	0.0	0.0	0.0	0.0	0.0	0.0	0.0	0.0	0.0	0.0	0.0	0.0	4.0	21.0	15.0	19	98	100	100	100	100	100	100	100	100	100	100	100	100	100
N_America	A5388	40	A890D	nsp3	missense	0.0	0.0	0.0	0.0	0.0	0.0	0.0	0.0	0.0	0.0	0.0	0.0	4.0	21.0	15.0	19	98	100	100	100	100	100	100	100	100	100	100	100	100	100
N_America	A28882	248	NA	N	synonymous	0.0	6.12	6.0	7.0	12.0	24.0	22.0	21.0	25.0	19.0	16.0	13.0	12.0	35.0	30.0	19	98	100	100	100	100	100	100	100	100	100	100	100	100	100
N_America	A28881	249	R203K	N	missense	0.0	6.12	6.0	7.0	12.0	24.0	22.0	22.0	25.0	19.0	16.0	13.0	12.0	35.0	30.0	19	98	100	100	100	100	100	100	100	100	100	100	100	100	100
N_America	A28282	34	D3E	N	missense	0.0	0.0	0.0	0.0	0.0	0.0	0.0	0.0	0.0	0.0	0.0	0.0	1.0	19.0	14.0	19	98	100	100	100	100	100	100	100	100	100	100	100	100	100
N_America	A23604	106	P681H	S	missense	0.0	0.0	0.0	0.0	0.0	0.0	0.0	7.0	5.0	2.0	1.0	7.0	16.0	37.0	31.0	19	98	100	100	100	100	100	100	100	100	100	100	100	100	100
N_America	A23271	40	A570D	S	missense	0.0	0.0	0.0	0.0	0.0	0.0	0.0	0.0	0.0	0.0	0.0	0.0	4.0	21.0	15.0	19	98	100	100	100	100	100	100	100	100	100	100	100	100	100
N_America	28271-1	60	NA	IGS	NA	0.0	0.0	0.0	0.0	0.0	0.0	0.0	0.0	0.0	0.0	0.0	0.0	6.0	26.0	28.0	19	98	100	100	100	100	100	100	100	100	100	100	100	100	100
N_America	21993-3	40	NA	S	NA	0.0	0.0	0.0	0.0	0.0	0.0	0.0	0.0	0.0	0.0	0.0	1.0	3.0	20.0	16.0	19	98	100	100	100	100	100	100	100	100	100	100	100	100	100
N_America	21765-6	46	NA	S	NA	0.0	0.0	0.0	0.0	0.0	0.0	0.0	0.0	0.0	0.0	0.0	1.0	6.0	22.0	17.0	19	98	100	100	100	100	100	100	100	100	100	100	100	100	100
N_America	11288-9	61	NA	nsp6	NA	0.0	0.0	0.0	0.0	0.0	0.0	0.0	0.0	0.0	0.0	0.0	0.0	4.0	28.0	29.0	19	98	100	100	100	100	100	100	100	100	100	100	100	100	100
N_America	C7153	12	NA	nsp3	synonymous	0.0	0.0	0.0	0.0	0.0	2.0	0.0	1.0	3.0	5.0	0.0	1.0	0.0	0.0	0.0	19	98	100	100	100	100	100	100	100	100	100	100	100	100	100
N_America	T6541	17	NA	nsp3	synonymous	0.0	0.0	0.0	1.0	5.0	1.0	0.0	6.0	0.0	1.0	0.0	0.0	2.0	0.0	1.0	19	98	100	100	100	100	100	100	100	100	100	100	100	100	100
N_America	T27925	19	T11I	ORF8	missense	0.0	1.02	0.0	0.0	0.0	0.0	0.0	0.0	0.0	0.0	0.0	0.0	0.0	6.0	12.0	19	98	100	100	100	100	100	100	100	100	100	100	100	100	100
N_America	T25517	17	P42L	ORF3a	missense	0.0	0.0	0.0	0.0	0.0	0.0	0.0	0.0	0.0	0.0	0.0	0.0	0.0	6.0	11.0	19	98	100	100	100	100	100	100	100	100	100	100	100	100	100
N_America	T23664	12	A701V	S	missense	0.0	0.0	0.0	0.0	0.0	0.0	0.0	0.0	0.0	0.0	0.0	0.0	0.0	6.0	6.0	19	98	100	100	100	100	100	100	100	100	100	100	100	100	100
N_America	T21846	20	T95I	S	missense	0.0	0.0	0.0	0.0	0.0	1.0	0.0	0.0	0.0	0.0	1.0	0.0	1.0	6.0	11.0	19	98	100	100	100	100	100	100	100	100	100	100	100	100	100
N_America	T21575	38	L5F	S	missense	0.0	0.0	0.0	0.0	2.0	1.0	2.0	3.0	1.0	3.0	2.0	0.0	2.0	9.0	13.0	19	98	100	100	100	100	100	100	100	100	100	100	100	100	100
N_America	G22320	28	D253G	S	missense	0.0	0.0	0.0	1.0	6.0	1.0	0.0	4.0	0.0	0.0	0.0	0.0	0.0	6.0	10.0	19	98	100	100	100	100	100	100	100	100	100	100	100	100	100
N_America	G20262	18	NA	nsp15	synonymous	0.0	0.0	0.0	0.0	0.0	1.0	1.0	0.0	1.0	0.0	0.0	0.0	0.0	6.0	9.0	19	98	100	100	100	100	100	100	100	100	100	100	100	100	100
N_America	C9867	17	L438P	nsp4	missense	0.0	0.0	0.0	0.0	0.0	0.0	0.0	0.0	0.0	0.0	0.0	0.0	0.0	6.0	11.0	19	98	100	100	100	100	100	100	100	100	100	100	100	100	100
N_America	C16500	16	Q88H	nsp13	missense	0.0	0.0	0.0	0.0	0.0	0.0	0.0	0.0	0.0	0.0	0.0	0.0	0.0	6.0	10.0	19	98	100	100	100	100	100	100	100	100	100	100	100	100	100
N_America	A28975	13	M234I	N	missense	0.0	0.0	0.0	0.0	0.0	0.0	0.0	0.0	1.0	0.0	0.0	0.0	0.0	5.0	7.0	19	98	100	100	100	100	100	100	100	100	100	100	100	100	100
N_America	A23012	18	E484K	S	missense	0.0	0.0	0.0	0.0	0.0	0.0	0.0	0.0	0.0	2.0	0.0	1.0	0.0	6.0	9.0	19	98	100	100	100	100	100	100	100	100	100	100	100	100	100
N_America	T8782	91	NA	nsp4	synonymous	36.84	57.14	19.0	4.0	3.0	1.0	0.0	0.0	0.0	0.0	0.0	0.0	1.0	0.0	0.0	19	98	100	100	100	100	100	100	100	100	100	100	100	100	100
N_America	T25624	8	H78Y	ORF3a	missense	0.0	0.0	0.0	0.0	0.0	0.0	0.0	2.0	0.0	0.0	0.0	3.0	3.0	0.0	0.0	19	98	100	100	100	100	100	100	100	100	100	100	100	100	100
N_America	T19170	10	NA	nsp14	synonymous	0.0	0.0	1.0	1.0	0.0	0.0	2.0	1.0	0.0	0.0	0.0	1.0	2.0	1.0	1.0	19	98	100	100	100	100	100	100	100	100	100	100	100	100	100
N_America	C28144	92	L84S	ORF8	missense	36.84	57.14	20.0	4.0	3.0	1.0	0.0	0.0	0.0	0.0	0.0	0.0	1.0	0.0	0.0	19	98	100	100	100	100	100	100	100	100	100	100	100	100	100
N_America	T313	26	NA	nsp1	synonymous	0.0	4.08	0.0	1.0	3.0	4.0	1.0	1.0	5.0	6.0	0.0	1.0	0.0	0.0	0.0	19	98	100	100	100	100	100	100	100	100	100	100	100	100	100
N_America	T11083	59	L37F	nsp6	missense	5.26	12.24	10.0	2.0	4.0	2.0	3.0	5.0	3.0	1.0	4.0	3.0	6.0	2.0	1.0	19	98	100	100	100	100	100	100	100	100	100	100	100	100	100
N_America	C28688	10	NA	N	synonymous	0.0	9.18	1.0	0.0	0.0	0.0	0.0	0.0	0.0	0.0	0.0	0.0	0.0	0.0	0.0	19	98	100	100	100	100	100	100	100	100	100	100	100	100	100
N_America	A1397	10	V198I	nsp2	missense	0.0	9.18	1.0	0.0	0.0	0.0	0.0	0.0	0.0	0.0	0.0	0.0	0.0	0.0	0.0	19	98	100	100	100	100	100	100	100	100	100	100	100	100	100
N_America	C24076	42	NA	S	synonymous	0.0	0.0	0.0	0.0	1.0	1.0	1.0	6.0	7.0	6.0	0.0	8.0	8.0	2.0	2.0	19	98	100	100	100	100	100	100	100	100	100	100	100	100	100
N_America	T29445	23	T391I	N	missense	0.0	0.0	0.0	0.0	0.0	0.0	0.0	1.0	2.0	2.0	8.0	3.0	2.0	3.0	2.0	19	98	100	100	100	100	100	100	100	100	100	100	100	100	100
N_America	T29402	53	D377Y	N	missense	0.0	1.02	0.0	2.0	0.0	1.0	1.0	1.0	5.0	7.0	7.0	4.0	10.0	5.0	9.0	19	98	100	100	100	100	100	100	100	100	100	100	100	100	100
N_America	T23593	28	Q677H	S	missense	0.0	1.02	0.0	0.0	0.0	0.0	0.0	0.0	1.0	0.0	4.0	7.0	4.0	7.0	4.0	19	98	100	100	100	100	100	100	100	100	100	100	100	100	100
N_America	T3411	13	A231V	nsp3	missense	0.0	2.04	0.0	0.0	0.0	0.0	2.0	1.0	1.0	4.0	0.0	1.0	2.0	0.0	0.0	19	98	100	100	100	100	100	100	100	100	100	100	100	100	100
N_America	T26690	12	NA	M	synonymous	0.0	0.0	0.0	0.0	0.0	1.0	7.0	0.0	3.0	1.0	0.0	0.0	0.0	0.0	0.0	19	98	100	100	100	100	100	100	100	100	100	100	100	100	100
N_America	T23557	10	NA	S	synonymous	0.0	0.0	0.0	0.0	0.0	2.0	3.0	0.0	2.0	1.0	0.0	1.0	0.0	1.0	0.0	19	98	100	100	100	100	100	100	100	100	100	100	100	100	100
N_America	T21707	12	H49Y	S	missense	5.26	0.0	0.0	0.0	0.0	1.0	3.0	0.0	2.0	3.0	0.0	1.0	0.0	1.0	0.0	19	98	100	100	100	100	100	100	100	100	100	100	100	100	100
N_America	T16260	30	NA	nsp13	synonymous	0.0	0.0	1.0	1.0	2.0	2.0	6.0	4.0	5.0	1.0	2.0	3.0	1.0	2.0	0.0	19	98	100	100	100	100	100	100	100	100	100	100	100	100	100
N_America	T13487	9	A16V	nsp12	missense	0.0	0.0	0.0	0.0	1.0	1.0	3.0	0.0	2.0	1.0	1.0	0.0	0.0	0.0	0.0	19	98	100	100	100	100	100	100	100	100	100	100	100	100	100
N_America	C1936	10	NA	nsp2	synonymous	0.0	0.0	0.0	0.0	0.0	1.0	3.0	0.0	2.0	1.0	1.0	0.0	1.0	0.0	1.0	19	98	100	100	100	100	100	100	100	100	100	100	100	100	100
N_America	A28821	32	S183Y	N	missense	0.0	0.0	1.0	1.0	2.0	2.0	6.0	5.0	6.0	1.0	2.0	3.0	1.0	2.0	0.0	19	98	100	100	100	100	100	100	100	100	100	100	100	100	100
N_America	T8947	27	NA	nsp4	synonymous	0.0	0.0	0.0	0.0	0.0	0.0	0.0	0.0	0.0	0.0	3.0	4.0	5.0	8.0	7.0	19	98	100	100	100	100	100	100	100	100	100	100	100	100	100
N_America	T29362	35	NA	N	synonymous	0.0	0.0	0.0	0.0	0.0	0.0	0.0	0.0	0.0	0.0	2.0	7.0	8.0	9.0	9.0	19	98	100	100	100	100	100	100	100	100	100	100	100	100	100
N_America	T28272	44	NA	IGS	noncoding	0.0	0.0	0.0	0.0	0.0	0.0	0.0	0.0	0.0	0.0	3.0	7.0	13.0	11.0	10.0	19	98	100	100	100	100	100	100	100	100	100	100	100	100	100
N_America	T27890	29	NA	IGS	noncoding	0.0	0.0	0.0	0.0	0.0	0.0	0.0	0.0	0.0	0.0	3.0	5.0	6.0	8.0	7.0	19	98	100	100	100	100	100	100	100	100	100	100	100	100	100
N_America	T26681	53	NA	M	synonymous	0.0	0.0	0.0	0.0	0.0	1.0	1.0	1.0	2.0	1.0	3.0	10.0	14.0	11.0	9.0	19	98	100	100	100	100	100	100	100	100	100	100	100	100	100
N_America	T2395	32	NA	nsp2	synonymous	0.0	0.0	0.0	0.0	0.0	0.0	0.0	0.0	0.0	1.0	4.0	5.0	6.0	9.0	7.0	19	98	100	100	100	100	100	100	100	100	100	100	100	100	100
N_America	T22018	40	W152C	S	missense	0.0	0.0	0.0	0.0	0.0	0.0	0.0	0.0	0.0	0.0	3.0	7.0	11.0	11.0	8.0	19	98	100	100	100	100	100	100	100	100	100	100	100	100	100
N_America	T21600	42	S13I	S	missense	0.0	0.0	0.0	0.0	0.0	0.0	0.0	0.0	0.0	0.0	3.0	7.0	13.0	10.0	9.0	19	98	100	100	100	100	100	100	100	100	100	100	100	100	100
N_America	T17014	43	D260Y	nsp13	missense	0.0	0.0	0.0	0.0	0.0	0.0	0.0	0.0	0.0	0.0	3.0	8.0	13.0	10.0	9.0	19	98	100	100	100	100	100	100	100	100	100	100	100	100	100
N_America	T12100	28	NA	nsp8	synonymous	0.0	0.0	0.0	0.0	0.0	0.0	0.0	0.0	0.0	0.0	3.0	4.0	6.0	8.0	7.0	19	98	100	100	100	100	100	100	100	100	100	100	100	100	100
N_America	G22917	43	L452R	S	missense	0.0	0.0	0.0	0.0	0.0	0.0	0.0	0.0	0.0	0.0	3.0	7.0	12.0	12.0	9.0	19	98	100	100	100	100	100	100	100	100	100	100	100	100	100
N_America	G12878	30	I65V	nsp9	missense	0.0	0.0	0.0	0.0	0.0	0.0	0.0	0.0	0.0	0.0	3.0	5.0	6.0	9.0	7.0	19	98	100	100	100	100	100	100	100	100	100	100	100	100	100
N_America	C2597	29	NA	nsp2	synonymous	0.0	0.0	0.0	0.0	0.0	0.0	0.0	0.0	0.0	0.0	3.0	5.0	5.0	9.0	7.0	19	98	100	100	100	100	100	100	100	100	100	100	100	100	100
N_America	C24349	30	NA	S	synonymous	0.0	0.0	0.0	0.0	0.0	0.0	0.0	0.0	0.0	0.0	3.0	5.0	6.0	9.0	7.0	19	98	100	100	100	100	100	100	100	100	100	100	100	100	100
N_America	T29409	10	T379I	N	missense	0.0	0.0	0.0	0.0	0.0	1.0	1.0	0.0	1.0	0.0	5.0	1.0	1.0	0.0	0.0	19	98	100	100	100	100	100	100	100	100	100	100	100	100	100
N_America	T23191	16	NA	S	synonymous	0.0	0.0	0.0	1.0	1.0	4.0	1.0	1.0	0.0	0.0	3.0	1.0	2.0	1.0	1.0	19	98	100	100	100	100	100	100	100	100	100	100	100	100	100
N_America	T17678	10	T481M	nsp13	missense	0.0	0.0	0.0	0.0	3.0	0.0	1.0	0.0	2.0	0.0	1.0	2.0	0.0	1.0	0.0	19	98	100	100	100	100	100	100	100	100	100	100	100	100	100
N_America	G17615	17	K460R	nsp13	missense	0.0	0.0	0.0	0.0	0.0	0.0	0.0	0.0	2.0	1.0	0.0	0.0	1.0	11.0	2.0	19	98	100	100	100	100	100	100	100	100	100	100	100	100	100
N_America	T17639	15	S468L	nsp13	missense	0.0	0.0	0.0	0.0	0.0	7.0	5.0	1.0	1.0	1.0	0.0	0.0	0.0	0.0	0.0	19	98	100	100	100	100	100	100	100	100	100	100	100	100	100
N_America	T8264	13	G1849C	nsp3	missense	0.0	0.0	0.0	0.0	0.0	0.0	0.0	0.0	0.0	0.0	3.0	3.0	1.0	3.0	3.0	19	98	100	100	100	100	100	100	100	100	100	100	100	100	100
N_America	T26060	21	T223I	ORF3a	missense	0.0	0.0	0.0	0.0	0.0	0.0	0.0	0.0	0.0	0.0	6.0	5.0	3.0	4.0	3.0	19	98	100	100	100	100	100	100	100	100	100	100	100	100	100
N_America	T23533	10	NA	S	synonymous	0.0	0.0	0.0	0.0	0.0	0.0	0.0	0.0	0.0	0.0	3.0	2.0	0.0	3.0	2.0	19	98	100	100	100	100	100	100	100	100	100	100	100	100	100
N_America	T25844	14	T151I	ORF3a	missense	0.0	0.0	0.0	0.0	0.0	0.0	1.0	0.0	0.0	0.0	1.0	3.0	4.0	1.0	4.0	19	98	100	100	100	100	100	100	100	100	100	100	100	100	100
N_America	T19684	8	V22L	nsp15	missense	0.0	0.0	2.0	0.0	0.0	1.0	0.0	0.0	0.0	0.0	0.0	1.0	3.0	0.0	1.0	19	98	100	100	100	100	100	100	100	100	100	100	100	100	100
N_America	T29439	14	Q389L	N	missense	0.0	0.0	0.0	0.0	0.0	0.0	0.0	0.0	1.0	1.0	2.0	1.0	3.0	3.0	3.0	19	98	100	100	100	100	100	100	100	100	100	100	100	100	100
N_America	T22255	31	NA	S	synonymous	0.0	0.0	0.0	0.0	0.0	2.0	1.0	2.0	3.0	2.0	6.0	3.0	5.0	3.0	4.0	19	98	100	100	100	100	100	100	100	100	100	100	100	100	100
N_America	T18538	17	V167L	nsp14	missense	0.0	0.0	0.0	0.0	0.0	0.0	3.0	0.0	1.0	1.0	2.0	1.0	3.0	3.0	3.0	19	98	100	100	100	100	100	100	100	100	100	100	100	100	100
N_America	T15766	16	V776L	nsp12	missense	0.0	0.0	0.0	0.0	0.0	0.0	0.0	0.0	1.0	2.0	2.0	1.0	4.0	3.0	3.0	19	98	100	100	100	100	100	100	100	100	100	100	100	100	100
N_America	C1927	32	NA	nsp2	synonymous	0.0	0.0	0.0	0.0	0.0	2.0	1.0	2.0	4.0	2.0	6.0	3.0	5.0	3.0	4.0	19	98	100	100	100	100	100	100	100	100	100	100	100	100	100
N_America	T13536	9	NA	nsp12	synonymous	0.0	0.0	0.0	1.0	3.0	0.0	1.0	2.0	0.0	0.0	2.0	0.0	0.0	0.0	0.0	19	98	100	100	100	100	100	100	100	100	100	100	100	100	100
N_America	T10029	36	T492I	nsp4	missense	0.0	0.0	0.0	0.0	0.0	0.0	0.0	0.0	0.0	1.0	1.0	3.0	6.0	14.0	11.0	19	98	100	100	100	100	100	100	100	100	100	100	100	100	100
N_America	T4113	12	A465V	nsp3	missense	0.0	0.0	2.0	1.0	1.0	0.0	0.0	0.0	0.0	1.0	3.0	1.0	1.0	0.0	2.0	19	98	100	100	100	100	100	100	100	100	100	100	100	100	100
N_America	T18998	16	A320V	nsp14	missense	0.0	0.0	4.0	3.0	1.0	1.0	3.0	1.0	1.0	2.0	0.0	0.0	0.0	0.0	0.0	19	98	100	100	100	100	100	100	100	100	100	100	100	100	100
N_America	T11916	22	S25L	nsp7	missense	0.0	0.0	4.0	4.0	2.0	2.0	4.0	2.0	1.0	2.0	1.0	0.0	0.0	0.0	0.0	19	98	100	100	100	100	100	100	100	100	100	100	100	100	100
N_America	T11417	8	V149F	nsp6	missense	0.0	0.0	0.0	0.0	1.0	1.0	0.0	2.0	0.0	0.0	1.0	0.0	0.0	3.0	0.0	19	98	100	100	100	100	100	100	100	100	100	100	100	100	100
N_America	A29540	16	NA	IGS	noncoding	0.0	0.0	4.0	3.0	1.0	1.0	3.0	1.0	1.0	2.0	0.0	0.0	0.0	0.0	0.0	19	98	100	100	100	100	100	100	100	100	100	100	100	100	100
N_America	T29254	8	NA	N	synonymous	0.0	0.0	0.0	0.0	0.0	0.0	1.0	0.0	0.0	0.0	1.0	2.0	2.0	2.0	0.0	19	98	100	100	100	100	100	100	100	100	100	100	100	100	100
N_America	C25930	13	S180P	ORF3a	missense	0.0	0.0	0.0	0.0	0.0	0.0	0.0	0.0	1.0	0.0	2.0	1.0	3.0	3.0	3.0	19	98	100	100	100	100	100	100	100	100	100	100	100	100	100
N_America	T9928	18	M458I	nsp4	missense	0.0	0.0	0.0	0.0	0.0	0.0	1.0	0.0	0.0	3.0	2.0	3.0	2.0	3.0	4.0	19	98	100	100	100	100	100	100	100	100	100	100	100	100	100
N_America	T29422	19	NA	N	synonymous	0.0	0.0	0.0	1.0	1.0	1.0	0.0	0.0	1.0	6.0	2.0	3.0	0.0	2.0	2.0	19	98	100	100	100	100	100	100	100	100	100	100	100	100	100
N_America	T19524	9	NA	nsp14	synonymous	0.0	0.0	0.0	0.0	0.0	1.0	0.0	0.0	0.0	1.0	3.0	0.0	1.0	2.0	1.0	19	98	100	100	100	100	100	100	100	100	100	100	100	100	100
N_America	T16887	11	NA	nsp13	synonymous	0.0	1.02	1.0	0.0	2.0	0.0	0.0	0.0	1.0	2.0	0.0	1.0	1.0	1.0	1.0	19	98	100	100	100	100	100	100	100	100	100	100	100	100	100
N_America	G9085	12	NA	nsp4	synonymous	0.0	0.0	0.0	0.0	0.0	0.0	0.0	0.0	1.0	0.0	3.0	3.0	2.0	1.0	2.0	19	98	100	100	100	100	100	100	100	100	100	100	100	100	100
N_America	G21137	23	K160R	nsp16	missense	0.0	0.0	0.0	1.0	0.0	0.0	0.0	3.0	1.0	2.0	3.0	1.0	0.0	11.0	1.0	19	98	100	100	100	100	100	100	100	100	100	100	100	100	100
N_America	T26735	22	NA	M	synonymous	0.0	0.0	0.0	0.0	0.0	2.0	0.0	5.0	3.0	4.0	3.0	2.0	3.0	0.0	0.0	19	98	100	100	100	100	100	100	100	100	100	100	100	100	100
N_America	T6285	12	T1189I	nsp3	missense	0.0	0.0	0.0	0.0	0.0	0.0	0.0	0.0	0.0	2.0	6.0	1.0	3.0	0.0	0.0	19	98	100	100	100	100	100	100	100	100	100	100	100	100	100
N_America	T3871	20	K384N	nsp3	missense	0.0	0.0	0.0	0.0	1.0	0.0	1.0	2.0	1.0	5.0	3.0	2.0	2.0	2.0	1.0	19	98	100	100	100	100	100	100	100	100	100	100	100	100	100
N_America	C696	14	D144A	nsp1	missense	0.0	0.0	0.0	0.0	0.0	0.0	1.0	2.0	1.0	4.0	3.0	1.0	2.0	0.0	0.0	19	98	100	100	100	100	100	100	100	100	100	100	100	100	100
N_America	C3931	14	NA	nsp3	synonymous	0.0	0.0	0.0	0.0	0.0	0.0	1.0	2.0	1.0	4.0	3.0	1.0	2.0	0.0	0.0	19	98	100	100	100	100	100	100	100	100	100	100	100	100	100
N_America	T6990	10	S1424F	nsp3	missense	0.0	0.0	0.0	0.0	0.0	0.0	0.0	0.0	0.0	2.0	3.0	1.0	0.0	1.0	3.0	19	98	100	100	100	100	100	100	100	100	100	100	100	100	100
N_America	T18877	40	NA	nsp14	synonymous	0.0	2.04	4.0	5.0	4.0	3.0	1.0	4.0	4.0	5.0	3.0	3.0	1.0	0.0	1.0	19	98	100	100	100	100	100	100	100	100	100	100	100	100	100
N_America	T3140	32	P141S	nsp3	missense	0.0	0.0	0.0	0.0	0.0	0.0	0.0	0.0	0.0	0.0	2.0	2.0	4.0	13.0	11.0	19	98	100	100	100	100	100	100	100	100	100	100	100	100	100
N_America	T29197	29	NA	N	synonymous	0.0	0.0	0.0	0.0	0.0	0.0	0.0	0.0	0.0	0.0	1.0	1.0	4.0	13.0	10.0	19	98	100	100	100	100	100	100	100	100	100	100	100	100	100
N_America	T21306	29	NA	nsp16	synonymous	0.0	0.0	0.0	0.0	0.0	0.0	0.0	1.0	0.0	0.0	1.0	0.0	5.0	11.0	11.0	19	98	100	100	100	100	100	100	100	100	100	100	100	100	100
N_America	T12789	31	T35I	nsp9	missense	0.0	0.0	0.0	0.0	0.0	0.0	0.0	0.0	0.0	0.0	1.0	2.0	4.0	13.0	11.0	19	98	100	100	100	100	100	100	100	100	100	100	100	100	100
N_America	T10954	32	NA	nsp5	synonymous	0.0	0.0	0.0	0.0	0.0	0.0	0.0	0.0	0.0	0.0	2.0	1.0	5.0	13.0	11.0	19	98	100	100	100	100	100	100	100	100	100	100	100	100	100
N_America	G23756	43	T732A	S	missense	0.0	0.0	0.0	0.0	0.0	0.0	1.0	1.0	1.0	2.0	2.0	4.0	7.0	14.0	11.0	19	98	100	100	100	100	100	100	100	100	100	100	100	100	100
N_America	G11117	30	I49V	nsp6	missense	0.0	0.0	0.0	0.0	0.0	0.0	0.0	0.0	0.0	0.0	1.0	1.0	4.0	13.0	11.0	19	98	100	100	100	100	100	100	100	100	100	100	100	100	100
N_America	C19839	69	NA	nsp15	synonymous	0.0	0.0	0.0	0.0	2.0	5.0	5.0	7.0	4.0	4.0	4.0	6.0	6.0	14.0	12.0	19	98	100	100	100	100	100	100	100	100	100	100	100	100	100
N_America	A22995	31	T478K	S	missense	0.0	0.0	0.0	0.0	0.0	0.0	0.0	0.0	0.0	0.0	1.0	1.0	5.0	13.0	11.0	19	98	100	100	100	100	100	100	100	100	100	100	100	100	100
N_America	T20014	16	D132Y	nsp15	missense	0.0	0.0	0.0	10.0	3.0	0.0	0.0	1.0	0.0	1.0	0.0	1.0	0.0	0.0	0.0	19	98	100	100	100	100	100	100	100	100	100	100	100	100	100
N_America	T1913	15	R370C	nsp2	missense	0.0	0.0	0.0	10.0	3.0	0.0	0.0	1.0	0.0	1.0	0.0	0.0	0.0	0.0	0.0	19	98	100	100	100	100	100	100	100	100	100	100	100	100	100
N_America	T16806	15	NA	nsp13	synonymous	0.0	0.0	0.0	10.0	3.0	0.0	0.0	1.0	0.0	1.0	0.0	0.0	0.0	0.0	0.0	19	98	100	100	100	100	100	100	100	100	100	100	100	100	100
N_America	T12525	24	T145I	nsp8	missense	0.0	0.0	0.0	10.0	3.0	0.0	0.0	2.0	0.0	3.0	2.0	0.0	1.0	2.0	1.0	19	98	100	100	100	100	100	100	100	100	100	100	100	100	100
N_America	G25718	15	Y109C	ORF3a	missense	0.0	0.0	0.0	10.0	3.0	0.0	0.0	1.0	0.0	1.0	0.0	0.0	0.0	0.0	0.0	19	98	100	100	100	100	100	100	100	100	100	100	100	100	100
N_America	A2528	15	E575K	nsp2	missense	0.0	0.0	0.0	10.0	3.0	0.0	0.0	1.0	0.0	1.0	0.0	0.0	0.0	0.0	0.0	19	98	100	100	100	100	100	100	100	100	100	100	100	100	100
N_America	C27384	8	NA	ORF6	synonymous	0.0	0.0	1.0	0.0	0.0	0.0	1.0	0.0	0.0	0.0	2.0	2.0	0.0	1.0	1.0	19	98	100	100	100	100	100	100	100	100	100	100	100	100	100
N_America	T28893	8	P207L	N	missense	0.0	0.0	0.0	0.0	1.0	0.0	0.0	1.0	0.0	2.0	2.0	0.0	1.0	0.0	1.0	19	98	100	100	100	100	100	100	100	100	100	100	100	100	100
N_America	C27904	8	L4P	ORF8	missense	0.0	0.0	0.0	0.0	0.0	0.0	0.0	0.0	0.0	0.0	0.0	1.0	1.0	2.0	4.0	19	98	100	100	100	100	100	100	100	100	100	100	100	100	100
N_America	C833	25	F10L	nsp2	missense	0.0	0.0	6.0	2.0	8.0	2.0	2.0	5.0	0.0	0.0	0.0	0.0	0.0	0.0	0.0	19	98	100	100	100	100	100	100	100	100	100	100	100	100	100
N_America	G11451	12	Q160R	nsp6	missense	0.0	0.0	0.0	0.0	0.0	0.0	0.0	0.0	0.0	0.0	1.0	2.0	6.0	1.0	2.0	19	98	100	100	100	100	100	100	100	100	100	100	100	100	100
N_America	C29194	13	NA	N	synonymous	0.0	0.0	0.0	0.0	0.0	0.0	0.0	0.0	0.0	1.0	1.0	2.0	6.0	1.0	2.0	19	98	100	100	100	100	100	100	100	100	100	100	100	100	100
N_America	C23592	12	Q677P	S	missense	0.0	0.0	0.0	0.0	0.0	0.0	0.0	0.0	0.0	0.0	1.0	2.0	6.0	1.0	2.0	19	98	100	100	100	100	100	100	100	100	100	100	100	100	100
N_America	A29377	12	NA	N	synonymous	0.0	0.0	0.0	0.0	0.0	0.0	0.0	0.0	0.0	0.0	1.0	2.0	6.0	1.0	2.0	19	98	100	100	100	100	100	100	100	100	100	100	100	100	100
N_America	A21811	13	NA	S	synonymous	0.0	0.0	0.0	0.0	0.0	0.0	0.0	0.0	0.0	0.0	1.0	2.0	6.0	1.0	3.0	19	98	100	100	100	100	100	100	100	100	100	100	100	100	100
N_America	T17122	9	A296S	nsp13	missense	0.0	0.0	0.0	0.0	0.0	0.0	0.0	0.0	3.0	2.0	1.0	1.0	1.0	0.0	1.0	19	98	100	100	100	100	100	100	100	100	100	100	100	100	100
N_America	T19872	9	NA	nsp15	synonymous	0.0	0.0	0.0	0.0	0.0	0.0	0.0	1.0	0.0	1.0	2.0	2.0	1.0	1.0	1.0	19	98	100	100	100	100	100	100	100	100	100	100	100	100	100
N_America	T28087	15	A65V	ORF8	missense	0.0	0.0	0.0	0.0	0.0	0.0	2.0	4.0	0.0	0.0	1.0	1.0	3.0	1.0	3.0	19	98	100	100	100	100	100	100	100	100	100	100	100	100	100
N_America	T22444	16	NA	S	synonymous	0.0	0.0	0.0	0.0	0.0	3.0	1.0	4.0	2.0	3.0	3.0	0.0	0.0	0.0	0.0	19	98	100	100	100	100	100	100	100	100	100	100	100	100	100
N_America	T26144	9	G251V	ORF3a	missense	5.26	2.04	5.0	1.0	0.0	0.0	0.0	0.0	0.0	0.0	0.0	0.0	0.0	0.0	0.0	19	98	100	100	100	100	100	100	100	100	100	100	100	100	100
N_America	T17747	69	P504L	nsp13	missense	0.0	54.08	11.0	0.0	2.0	1.0	0.0	0.0	0.0	0.0	0.0	1.0	1.0	0.0	0.0	19	98	100	100	100	100	100	100	100	100	100	100	100	100	100
N_America	T29364	8	P364L	N	missense	0.0	0.0	0.0	0.0	0.0	0.0	3.0	1.0	0.0	2.0	0.0	0.0	1.0	1.0	0.0	19	98	100	100	100	100	100	100	100	100	100	100	100	100	100
N_America	T6031	10	NA	nsp3	synonymous	0.0	0.0	0.0	0.0	0.0	0.0	0.0	1.0	3.0	5.0	0.0	1.0	0.0	0.0	0.0	19	98	100	100	100	100	100	100	100	100	100	100	100	100	100
N_America	T1943	10	R380C	nsp2	missense	0.0	0.0	0.0	0.0	0.0	0.0	0.0	1.0	3.0	5.0	0.0	1.0	0.0	0.0	0.0	19	98	100	100	100	100	100	100	100	100	100	100	100	100	100
N_America	T13975	10	G179C	nsp12	missense	0.0	0.0	0.0	0.0	0.0	0.0	0.0	1.0	3.0	5.0	0.0	1.0	0.0	0.0	0.0	19	98	100	100	100	100	100	100	100	100	100	100	100	100	100
N_America	T1347	11	P181L	nsp2	missense	0.0	0.0	0.0	0.0	0.0	0.0	0.0	1.0	3.0	5.0	0.0	2.0	0.0	0.0	0.0	19	98	100	100	100	100	100	100	100	100	100	100	100	100	100
N_America	A5700	10	A994D	nsp3	missense	0.0	0.0	0.0	0.0	0.0	0.0	0.0	1.0	3.0	5.0	0.0	1.0	0.0	0.0	0.0	19	98	100	100	100	100	100	100	100	100	100	100	100	100	100
N_America	T17259	8	E341D	nsp13	missense	0.0	0.0	0.0	0.0	0.0	0.0	0.0	0.0	1.0	0.0	1.0	1.0	2.0	0.0	3.0	19	98	100	100	100	100	100	100	100	100	100	100	100	100	100
N_America	T10789	8	NA	nsp5	synonymous	0.0	0.0	0.0	0.0	0.0	0.0	0.0	1.0	0.0	1.0	0.0	2.0	2.0	0.0	2.0	19	98	100	100	100	100	100	100	100	100	100	100	100	100	100
N_America	T19011	8	NA	nsp14	synonymous	0.0	0.0	0.0	0.0	1.0	2.0	2.0	0.0	2.0	1.0	0.0	0.0	0.0	0.0	0.0	19	98	100	100	100	100	100	100	100	100	100	100	100	100	100
N_America	T1738	12	NA	nsp2	synonymous	0.0	0.0	0.0	0.0	0.0	0.0	1.0	1.0	1.0	1.0	1.0	0.0	0.0	2.0	5.0	19	98	100	100	100	100	100	100	100	100	100	100	100	100	100
N_America	T29614	9	NA	ORF10	synonymous	0.0	0.0	0.0	1.0	0.0	0.0	2.0	1.0	1.0	0.0	0.0	0.0	1.0	0.0	3.0	19	98	100	100	100	100	100	100	100	100	100	100	100	100	100
N_America	C23593	8	Q677H	S	missense	0.0	0.0	0.0	0.0	0.0	0.0	0.0	0.0	0.0	3.0	0.0	1.0	0.0	1.0	3.0	19	98	100	100	100	100	100	100	100	100	100	100	100	100	100
N_America	A28368	10	R32H	N	missense	0.0	0.0	0.0	0.0	2.0	1.0	1.0	3.0	3.0	0.0	0.0	0.0	0.0	0.0	0.0	19	98	100	100	100	100	100	100	100	100	100	100	100	100	100
N_America	T936	12	T44I	nsp2	missense	0.0	0.0	0.0	0.0	0.0	0.0	0.0	0.0	1.0	4.0	1.0	3.0	0.0	0.0	3.0	19	98	100	100	100	100	100	100	100	100	100	100	100	100	100
N_America	T3259	9	Q180H	nsp3	missense	0.0	0.0	0.0	0.0	0.0	1.0	0.0	0.0	1.0	4.0	1.0	1.0	0.0	0.0	1.0	19	98	100	100	100	100	100	100	100	100	100	100	100	100	100
N_America	T11591	8	L207F	nsp6	missense	0.0	0.0	0.0	0.0	0.0	0.0	0.0	0.0	1.0	3.0	2.0	1.0	0.0	0.0	1.0	19	98	100	100	100	100	100	100	100	100	100	100	100	100	100
N_America	T25135	11	K1191N	S	missense	0.0	0.0	0.0	0.0	0.0	0.0	0.0	0.0	0.0	0.0	0.0	2.0	1.0	8.0	0.0	19	98	100	100	100	100	100	100	100	100	100	100	100	100	100
N_America	T5672	10	P985S	nsp3	missense	0.0	0.0	0.0	0.0	0.0	0.0	1.0	2.0	2.0	3.0	0.0	1.0	1.0	0.0	0.0	19	98	100	100	100	100	100	100	100	100	100	100	100	100	100
N_America	T4226	10	P503S	nsp3	missense	0.0	0.0	0.0	0.0	0.0	0.0	2.0	2.0	1.0	3.0	0.0	1.0	1.0	0.0	0.0	19	98	100	100	100	100	100	100	100	100	100	100	100	100	100
N_America	T23120	9	A520S	S	missense	0.0	0.0	0.0	0.0	0.0	2.0	1.0	0.0	2.0	0.0	1.0	1.0	1.0	0.0	1.0	19	98	100	100	100	100	100	100	100	100	100	100	100	100	100
N_America	C7837	10	L1706F	nsp3	missense	0.0	0.0	0.0	0.0	0.0	0.0	2.0	2.0	1.0	3.0	0.0	1.0	1.0	0.0	0.0	19	98	100	100	100	100	100	100	100	100	100	100	100	100	100
N_America	T8140	20	NA	nsp3	synonymous	0.0	0.0	0.0	0.0	0.0	0.0	0.0	0.0	2.0	3.0	7.0	2.0	2.0	3.0	1.0	19	98	100	100	100	100	100	100	100	100	100	100	100	100	100
N_America	G9204	16	D217G	nsp4	missense	0.0	0.0	0.0	0.0	0.0	0.0	0.0	0.0	2.0	2.0	6.0	3.0	1.0	2.0	0.0	19	98	100	100	100	100	100	100	100	100	100	100	100	100	100
N_America	G6441	16	K1241R	nsp3	missense	0.0	0.0	0.0	0.0	0.0	0.0	0.0	0.0	2.0	2.0	7.0	2.0	1.0	2.0	0.0	19	98	100	100	100	100	100	100	100	100	100	100	100	100	100
N_America	A2258	15	V485I	nsp2	missense	0.0	0.0	0.0	0.0	0.0	0.0	0.0	0.0	2.0	2.0	6.0	2.0	1.0	2.0	0.0	19	98	100	100	100	100	100	100	100	100	100	100	100	100	100
N_America	T5869	13	NA	nsp3	synonymous	0.0	0.0	0.0	0.0	0.0	0.0	0.0	2.0	0.0	3.0	2.0	0.0	2.0	2.0	2.0	19	98	100	100	100	100	100	100	100	100	100	100	100	100	100
N_America	T15960	8	NA	nsp12	synonymous	0.0	0.0	0.0	0.0	0.0	0.0	0.0	1.0	2.0	2.0	1.0	0.0	1.0	1.0	0.0	19	98	100	100	100	100	100	100	100	100	100	100	100	100	100
N_America	T10741	28	NA	nsp5	synonymous	0.0	0.0	0.0	0.0	0.0	0.0	0.0	5.0	5.0	2.0	0.0	6.0	6.0	2.0	2.0	19	98	100	100	100	100	100	100	100	100	100	100	100	100	100
N_America	T26801	8	NA	M	synonymous	0.0	0.0	0.0	0.0	0.0	0.0	1.0	1.0	0.0	3.0	0.0	0.0	2.0	1.0	0.0	19	98	100	100	100	100	100	100	100	100	100	100	100	100	100
N_America	T24904	10	NA	S	synonymous	0.0	0.0	0.0	0.0	0.0	0.0	0.0	0.0	2.0	6.0	2.0	0.0	0.0	0.0	0.0	19	98	100	100	100	100	100	100	100	100	100	100	100	100	100
N_America	T1191	8	P129L	nsp2	missense	0.0	0.0	0.0	0.0	0.0	0.0	0.0	0.0	1.0	5.0	1.0	0.0	0.0	1.0	0.0	19	98	100	100	100	100	100	100	100	100	100	100	100	100	100
N_America	G12162	10	Q24R	nsp8	missense	0.0	0.0	0.0	0.0	0.0	0.0	0.0	0.0	0.0	0.0	0.0	0.0	0.0	8.0	2.0	19	98	100	100	100	100	100	100	100	100	100	100	100	100	100
N_America	C9742	11	NA	nsp4	synonymous	0.0	0.0	0.0	0.0	0.0	6.0	4.0	0.0	0.0	1.0	0.0	0.0	0.0	0.0	0.0	19	98	100	100	100	100	100	100	100	100	100	100	100	100	100
N_America	A2282	12	E493K	nsp2	missense	0.0	0.0	0.0	0.0	0.0	6.0	4.0	0.0	1.0	1.0	0.0	0.0	0.0	0.0	0.0	19	98	100	100	100	100	100	100	100	100	100	100	100	100	100
N_America	T21621	10	T20I	S	missense	0.0	0.0	0.0	0.0	0.0	1.0	0.0	2.0	0.0	1.0	0.0	2.0	2.0	1.0	1.0	19	98	100	100	100	100	100	100	100	100	100	100	100	100	100
N_America	T3177	13	P153L	nsp3	missense	5.26	0.0	6.0	2.0	1.0	0.0	0.0	0.0	0.0	0.0	1.0	0.0	1.0	1.0	0.0	19	98	100	100	100	100	100	100	100	100	100	100	100	100	100
N_America	T24034	14	NA	S	synonymous	15.79	0.0	6.0	2.0	1.0	0.0	0.0	0.0	0.0	1.0	0.0	0.0	1.0	0.0	0.0	19	98	100	100	100	100	100	100	100	100	100	100	100	100	100
N_America	C28077	11	V62L	ORF8	missense	10.53	0.0	6.0	2.0	1.0	0.0	0.0	0.0	0.0	0.0	0.0	0.0	0.0	0.0	0.0	19	98	100	100	100	100	100	100	100	100	100	100	100	100	100
N_America	C26729	11	NA	M	synonymous	10.53	0.0	6.0	2.0	1.0	0.0	0.0	0.0	0.0	0.0	0.0	0.0	0.0	0.0	0.0	19	98	100	100	100	100	100	100	100	100	100	100	100	100	100
N_America	A490	10	D75E	nsp1	missense	5.26	0.0	6.0	2.0	1.0	0.0	0.0	0.0	0.0	0.0	0.0	0.0	0.0	0.0	0.0	19	98	100	100	100	100	100	100	100	100	100	100	100	100	100
N_America	T20762	8	T35I	nsp16	missense	0.0	0.0	0.0	0.0	0.0	1.0	0.0	1.0	0.0	1.0	2.0	1.0	0.0	2.0	0.0	19	98	100	100	100	100	100	100	100	100	100	100	100	100	100
N_America	T16394	14	P53L	nsp13	missense	0.0	0.0	0.0	0.0	0.0	1.0	0.0	0.0	0.0	0.0	0.0	2.0	7.0	2.0	2.0	19	98	100	100	100	100	100	100	100	100	100	100	100	100	100
N_America	C9738	13	S395T	nsp4	missense	0.0	0.0	0.0	0.0	0.0	0.0	0.0	0.0	0.0	0.0	0.0	2.0	7.0	2.0	2.0	19	98	100	100	100	100	100	100	100	100	100	100	100	100	100
N_America	A13713	13	NA	nsp12	synonymous	0.0	0.0	0.0	0.0	0.0	0.0	0.0	0.0	0.0	0.0	0.0	2.0	7.0	2.0	2.0	19	98	100	100	100	100	100	100	100	100	100	100	100	100	100
N_America	A379	8	NA	nsp1	synonymous	0.0	0.0	2.0	1.0	2.0	1.0	0.0	1.0	1.0	0.0	0.0	0.0	0.0	0.0	0.0	19	98	100	100	100	100	100	100	100	100	100	100	100	100	100
N_America	T27942	8	H17Y	ORF8	missense	0.0	0.0	0.0	0.0	0.0	0.0	0.0	0.0	0.0	1.0	2.0	2.0	1.0	1.0	1.0	19	98	100	100	100	100	100	100	100	100	100	100	100	100	100
N_America	T21614	10	L18F	S	missense	0.0	0.0	0.0	0.0	0.0	0.0	1.0	0.0	0.0	2.0	3.0	1.0	1.0	1.0	1.0	19	98	100	100	100	100	100	100	100	100	100	100	100	100	100
N_America	C23900	10	E780Q	S	missense	0.0	0.0	0.0	0.0	0.0	0.0	0.0	1.0	2.0	1.0	3.0	2.0	0.0	1.0	0.0	19	98	100	100	100	100	100	100	100	100	100	100	100	100	100
N_America	T29384	10	D371Y	N	missense	0.0	0.0	0.0	0.0	0.0	0.0	0.0	0.0	2.0	1.0	4.0	2.0	0.0	1.0	0.0	19	98	100	100	100	100	100	100	100	100	100	100	100	100	100
N_America	T11956	14	NA	nsp7	synonymous	0.0	1.02	0.0	1.0	0.0	1.0	1.0	1.0	3.0	0.0	3.0	0.0	2.0	0.0	1.0	19	98	100	100	100	100	100	100	100	100	100	100	100	100	100
N_America	T27987	8	V32L	ORF8	missense	0.0	0.0	0.0	0.0	0.0	1.0	0.0	0.0	0.0	1.0	2.0	2.0	2.0	0.0	0.0	19	98	100	100	100	100	100	100	100	100	100	100	100	100	100
N_America	A6618	15	G1300D	nsp3	missense	0.0	0.0	0.0	0.0	0.0	0.0	0.0	0.0	1.0	1.0	0.0	4.0	6.0	1.0	2.0	19	98	100	100	100	100	100	100	100	100	100	100	100	100	100
N_America	A29266	20	NA	N	synonymous	0.0	0.0	0.0	0.0	0.0	0.0	0.0	3.0	2.0	2.0	0.0	4.0	6.0	1.0	2.0	19	98	100	100	100	100	100	100	100	100	100	100	100	100	100
N_America	T28975	24	M234I	N	missense	0.0	0.0	0.0	0.0	2.0	0.0	0.0	0.0	0.0	0.0	0.0	6.0	5.0	5.0	6.0	19	98	100	100	100	100	100	100	100	100	100	100	100	100	100
N_America	T8293	14	NA	nsp3	synonymous	0.0	0.0	0.0	0.0	1.0	0.0	0.0	3.0	6.0	2.0	1.0	1.0	0.0	0.0	0.0	19	98	100	100	100	100	100	100	100	100	100	100	100	100	100
N_America	T5730	14	T1004I	nsp3	missense	0.0	0.0	1.0	0.0	0.0	0.0	0.0	3.0	6.0	3.0	1.0	0.0	0.0	0.0	0.0	19	98	100	100	100	100	100	100	100	100	100	100	100	100	100
N_America	G4336	12	NA	nsp3	synonymous	0.0	0.0	0.0	0.0	0.0	0.0	0.0	3.0	6.0	2.0	1.0	0.0	0.0	0.0	0.0	19	98	100	100	100	100	100	100	100	100	100	100	100	100	100
N_America	G26530	14	D3G	M	missense	0.0	0.0	0.0	0.0	1.0	0.0	0.0	3.0	6.0	2.0	1.0	0.0	0.0	1.0	0.0	19	98	100	100	100	100	100	100	100	100	100	100	100	100	100
N_America	C24739	13	NA	S	synonymous	0.0	0.0	0.0	0.0	1.0	0.0	0.0	3.0	6.0	2.0	1.0	0.0	0.0	0.0	0.0	19	98	100	100	100	100	100	100	100	100	100	100	100	100	100
N_America	C18488	13	I150T	nsp14	missense	0.0	0.0	0.0	0.0	1.0	0.0	0.0	3.0	6.0	2.0	1.0	0.0	0.0	0.0	0.0	19	98	100	100	100	100	100	100	100	100	100	100	100	100	100
N_America	T13665	9	NA	nsp12	synonymous	0.0	0.0	0.0	0.0	1.0	1.0	2.0	1.0	1.0	1.0	0.0	1.0	0.0	1.0	0.0	19	98	100	100	100	100	100	100	100	100	100	100	100	100	100
N_America	T3773	10	R352C	nsp3	missense	0.0	0.0	0.0	0.0	0.0	0.0	0.0	2.0	2.0	0.0	2.0	2.0	1.0	1.0	0.0	19	98	100	100	100	100	100	100	100	100	100	100	100	100	100
N_America	T24253	10	NA	S	synonymous	0.0	0.0	0.0	0.0	0.0	0.0	0.0	2.0	2.0	0.0	2.0	2.0	1.0	1.0	0.0	19	98	100	100	100	100	100	100	100	100	100	100	100	100	100
N_America	C14191	10	NA	nsp12	synonymous	0.0	0.0	0.0	0.0	0.0	0.0	0.0	2.0	2.0	0.0	2.0	2.0	1.0	1.0	0.0	19	98	100	100	100	100	100	100	100	100	100	100	100	100	100
N_America	T28842	16	S190I	N	missense	0.0	0.0	0.0	0.0	0.0	3.0	3.0	2.0	2.0	2.0	3.0	1.0	0.0	0.0	0.0	19	98	100	100	100	100	100	100	100	100	100	100	100	100	100
N_America	G10323	26	K90R	nsp5	missense	0.0	0.0	0.0	0.0	0.0	4.0	3.0	3.0	2.0	4.0	4.0	5.0	0.0	1.0	0.0	19	98	100	100	100	100	100	100	100	100	100	100	100	100	100
N_America	A15276	14	NA	nsp12	synonymous	0.0	0.0	0.0	0.0	0.0	3.0	3.0	1.0	2.0	2.0	2.0	1.0	0.0	0.0	0.0	19	98	100	100	100	100	100	100	100	100	100	100	100	100	100
N_America	T346	8	NA	nsp1	synonymous	0.0	0.0	0.0	0.0	0.0	0.0	3.0	1.0	0.0	0.0	0.0	1.0	1.0	1.0	1.0	19	98	100	100	100	100	100	100	100	100	100	100	100	100	100
N_America	T28191	9	V100L	ORF8	missense	0.0	0.0	0.0	0.0	0.0	0.0	0.0	0.0	0.0	0.0	0.0	0.0	2.0	2.0	5.0	19	98	100	100	100	100	100	100	100	100	100	100	100	100	100
N_America	T5849	9	P1044S	nsp3	missense	0.0	0.0	1.0	0.0	1.0	0.0	0.0	0.0	0.0	1.0	3.0	1.0	2.0	0.0	0.0	19	98	100	100	100	100	100	100	100	100	100	100	100	100	100
N_America	T16092	10	NA	nsp12	synonymous	0.0	0.0	0.0	0.0	0.0	0.0	0.0	0.0	2.0	1.0	3.0	2.0	2.0	0.0	0.0	19	98	100	100	100	100	100	100	100	100	100	100	100	100	100
N_America	T29095	13	NA	N	synonymous	5.26	1.02	0.0	0.0	1.0	0.0	0.0	2.0	0.0	2.0	1.0	2.0	1.0	2.0	0.0	19	98	100	100	100	100	100	100	100	100	100	100	100	100	100
N_America	T4582	8	NA	nsp3	synonymous	0.0	0.0	0.0	0.0	0.0	1.0	0.0	1.0	0.0	1.0	0.0	0.0	2.0	2.0	1.0	19	98	100	100	100	100	100	100	100	100	100	100	100	100	100
N_America	T28253	11	NA	ORF8	synonymous	0.0	0.0	0.0	0.0	0.0	0.0	0.0	0.0	0.0	1.0	1.0	3.0	1.0	3.0	2.0	19	98	100	100	100	100	100	100	100	100	100	100	100	100	100
N_America	T18060	70	NA	nsp14	synonymous	21.05	53.06	11.0	0.0	2.0	1.0	0.0	0.0	0.0	0.0	0.0	0.0	0.0	0.0	0.0	19	98	100	100	100	100	100	100	100	100	100	100	100	100	100
N_America	G17858	68	Y541C	nsp13	missense	0.0	54.08	11.0	0.0	2.0	1.0	0.0	0.0	0.0	1.0	0.0	0.0	0.0	0.0	0.0	19	98	100	100	100	100	100	100	100	100	100	100	100	100	100
N_America	T15324	11	NA	nsp12	synonymous	0.0	0.0	1.0	8.0	2.0	0.0	0.0	0.0	0.0	0.0	0.0	0.0	0.0	0.0	0.0	19	98	100	100	100	100	100	100	100	100	100	100	100	100	100
N_America	A19969	8	A117T	nsp15	missense	0.0	0.0	0.0	0.0	0.0	1.0	0.0	2.0	0.0	5.0	0.0	0.0	0.0	0.0	0.0	19	98	100	100	100	100	100	100	100	100	100	100	100	100	100
N_America	C1947	9	V381A	nsp2	missense	0.0	0.0	0.0	0.0	0.0	0.0	0.0	2.0	3.0	2.0	2.0	0.0	0.0	0.0	0.0	19	98	100	100	100	100	100	100	100	100	100	100	100	100	100
N_America	T21724	9	L54F	S	missense	0.0	0.0	0.0	0.0	0.0	2.0	1.0	0.0	0.0	3.0	1.0	2.0	0.0	0.0	0.0	19	98	100	100	100	100	100	100	100	100	100	100	100	100	100
N_America	T25433	9	T14I	ORF3a	missense	0.0	0.0	0.0	7.0	2.0	0.0	0.0	0.0	0.0	0.0	0.0	0.0	0.0	0.0	0.0	19	98	100	100	100	100	100	100	100	100	100	100	100	100	100
N_America	T24130	10	NA	S	synonymous	0.0	0.0	0.0	0.0	1.0	0.0	2.0	3.0	0.0	0.0	0.0	1.0	0.0	3.0	0.0	19	98	100	100	100	100	100	100	100	100	100	100	100	100	100
N_America	T21638	10	P26S	S	missense	0.0	0.0	0.0	0.0	0.0	0.0	0.0	0.0	0.0	0.0	1.0	0.0	2.0	4.0	3.0	19	98	100	100	100	100	100	100	100	100	100	100	100	100	100
N_America	C18736	8	F233L	nsp14	missense	0.0	0.0	6.0	1.0	1.0	0.0	0.0	0.0	0.0	0.0	0.0	0.0	0.0	0.0	0.0	19	98	100	100	100	100	100	100	100	100	100	100	100	100	100
N_America	T25947	10	Q185H	ORF3a	missense	0.0	0.0	1.0	2.0	1.0	1.0	0.0	2.0	2.0	1.0	0.0	0.0	0.0	0.0	0.0	19	98	100	100	100	100	100	100	100	100	100	100	100	100	100
N_America	T8208	9	T1830I	nsp3	missense	0.0	0.0	1.0	2.0	1.0	1.0	0.0	2.0	0.0	1.0	1.0	0.0	0.0	0.0	0.0	19	98	100	100	100	100	100	100	100	100	100	100	100	100	100
N_America	C9667	9	NA	nsp4	synonymous	0.0	0.0	1.0	2.0	1.0	1.0	0.0	2.0	0.0	1.0	1.0	0.0	0.0	0.0	0.0	19	98	100	100	100	100	100	100	100	100	100	100	100	100	100
N_America	A9267	8	S238N	nsp4	missense	0.0	0.0	1.0	2.0	1.0	1.0	0.0	2.0	0.0	1.0	0.0	0.0	0.0	0.0	0.0	19	98	100	100	100	100	100	100	100	100	100	100	100	100	100
N_America	A28361	8	G30R	N	missense	0.0	0.0	1.0	2.0	1.0	1.0	0.0	2.0	0.0	1.0	0.0	0.0	0.0	0.0	0.0	19	98	100	100	100	100	100	100	100	100	100	100	100	100	100
